month,channel,comment
Jan,CNBC,"The market trend can turn around very quickly. In fact, the indexes often switch from a bear market to a bull market when the news is at its worst and the mood of investors is at its lowest point. I read an article of people that grossed profits up to $150k during this crash, what are the best stocks to buy now or put on a watchlist?"
Jan,CNBC,As an Australian i can tell you Amazon here in Australia is cheaper then our supermarkets but its their postage that makes people buy from them 1 to 2 day delivery is crazy where i live as most of the online stores here in Australia takes over a week and a half to get to you even 2 weeks some times and yet stuff coming overseas takes quicker. So while walmart may be trying to take on Amazon it still don't deliver world wide hence amazon is bigger and better for us outside of the USA.
Jan,CNBC,"When Marketing tactics are just better, the government and politics just want things to go their way because how else are they going to take your money? Do you really think they care about you? They just care about how much they can pocket from you. I think what really matters at the end of the day is how much purchasing power the users really have at the end, if you spend less money for things, that's a win for you imo."
Jan,CNBC,"Just as Samsung released its S24 lineup that's getting RAVE reviews, I have to admit that Apple knows how to fight a marketing war."
Jan,CNBC,The iPhone didn't change the world Android did. Android has over 70% worldwide market share in phones it's just that iPhones are more popular in the United States so everybody's on that bandwagon.
Jan,CNBC,"I think history will show once again that whether it's a foreign investor or a national owned company the average citizen will lose out on all these ""promised benefits""."
Jan,CNBC,"Guyana y’all need to stand strong and united and DONT LET MABURRO bully you, this Mexican wishes to learn EVERYTHING about your beautiful country, please stand strong and united. 🇲🇽 ❤️ 🇬🇾"
Jan,CNBC,Hopefully they use the money to invest in its people and infrastructure
Jan,CNBC,"Wow, my home country made the news. I was there in December and there have quite a bit of Venezuelans in Guyana. Venezuela needs to worry about their economy. The border issue is all based on colonialism."
Jan,Bloomberg,"I'm making a nice healthy return on my Novo investment. I'm looking to adda lot more, this decade will be amazing for those companies"
Jan,Bloomberg,Missing India prediction of obesity with introduction of semaglutide Ozempic for over 15% population with its social gains to obese individuals rather than the market price.
Jan,Bloomberg,should I buy novo stock or eli stock?
Jan,Bloomberg,Just trying to pump the stock
Jan,Bloomberg,"""Obesity market...""lol. Sounds like a market where obesity is bought and sold or traded. there has to be another way to phrase that."
Jan,Bloomberg,"""Enormous market"" haha"
Jan,Bloomberg,Looks cool and have a huge potential market beyond just treating burns. Best wishes to this startup
Jan,Wall Street Journal,"Expecting 3-4 cuts this year, but housing will keep inflation high. As pointed out in the video, the fed has to balance inflation control without harming jobs, but the remarkable reported strength of the labor market combined with sticky inflation will put the fed in a position that Bullard's prediction that inflation hits 2% by the third quarter seems plausible. By that point, there's probably only time for a few cuts. When the fed does start cutting, there's enough people on the sidelines with some money that they want to put into housing, it seems that a gradual decrease (relative to the last series of cuts) might be expected. Additionally, increased consumer demand over the summer may keep PCE sticky above 2%."
Jan,Wall Street Journal,These rates are not that high historically. There is no need to tempt inflation to spark back up again when the economy ( at least the current data being presented) is doing well.
Jan,Wall Street Journal,"LOL. The Fed isn't going to surprise markets ""Ha-Ha, surprise rate cut!"" 😂😂😂"
Jan,Wall Street Journal,The problem isn't too much money its not enough stuff. H8gh interest rates kill domestic production.
Jan,Wall Street Journal,This is the first review I’ve seen from her and already she’s my favorite. Great delivery. And incredibly insightful. The “I did ______ for 24 hours” is an old YouTube trope by now but it’s a brilliant baseline for such a new device in such anew market. Forced her to find ways to do daily tasks and see the potential and downfalls of it when integrating into daily living. I can’t imagine anyone else doing that. Most reviewers are focusing on its productivity aspect.
Feb,CNBC,"In simpler terms: 1. Imagine Treasuries like loans we give the U.S. government, and they pay us back with interest. Traditionally, big foreign countries (China and Japan) and the Federal Reserve were the biggest lenders. 2. Now, they're lending less, and new lenders are stepping in. 3. These new lenders might be more picky about the interest rate they get, potentially affecting the U.S. economy."
Feb,CNBC,Economics have been sounding off on just how bad they think the next downturn might be . I need ideas and advice on what investments to make to set myself up for retirement
Feb,CNBC,"Understanding personal finances and investing will most likely lead to greater financial independence. By being knowledgeable about money and investing, individuals can make informed decisions about how to save, spend, and invest their money. A trader made over $350k in this recession influenced market"
Feb,CNBC,"You are trying to destroy their economy, but somehow you still want them to buy your securities.. Wow"
Feb,CNBC,"Like El Salvador president said, why do Americans pay taxes when treasury bonds are what pay for the government by the fed just printing more money and bond printed out to with no backing."
Feb,CNBC,"I read that Nvidia provides tech for crypto mining services/blockchain transactions. Could the current crypto pump be attributed to Nvidia’s great earnings and should I hold some crypto as well, cos tbh I’m having FOMO with the current crypto price at 64k."
Feb,CNBC,"With inflation at 3.70%, I'm looking to enter the market now and ride it out as the economy improves. I'm putting together a $350,000 portfolio with Stocks and ETF's. Do you have any recommendations with solid cash flow?"
Feb,CNBC,"In light of the ongoing global economic crisis, it is crucial for everyone to prioritize investing in diverse sources of income that are not reliant on the government. This includes exploring opportunities in stocks, gold, silver, and digital currencies. Despite the challenging economic situation, it remains a favorable time to consider these investments."
Feb,CNBC,"Concerns about a potential recession and the Fed's talk of interest rate hikes have left me uneasy. I'm unsure about my $440K portfolio strategy, considering the uncertainty of a recession and the possibility that interest rates may not rise significantly"
Feb,CNBC,"How is the US bond market ""the safest market""? We owe 33 or 34 trillion dollars. We can not even afford to pay the interest on that debt without raising the debt ceiling. Every few months, there's a threat of partial government shutdowns. Every time the government raises the debt ceiling, they essentially ""kick the can down the road"". That ""can"" (34 trillion dollar debt) is a huge metaphoric ""can""."
Feb,CNBC,"Buying a stock is easy, but buying the right stock without a time-tested strategy is incredibly hard. Hence what are the best stocks to buy now or put on a watchlist? I’ve been trying to grow my portfolio of $560K for sometime now, my major challenge is not knowing the best entry and exit strategie;s ... I would greatly appreciate any suggestions."
Feb,CNBC,"Too much debt to GDP and we have been running deficits for decades, in addition due to increase in interest rate, we have to print more money to pay earnings and to service our debt! Pretty straight forward. Oh, let’s not forget the unfounded liability…, SS for the seniors 😅😰 Game over!"
Feb,CNBC,The yield is creeping up while the demand is reducing. The reason is the buyers see the US bond market prices worth to trend downward
Feb,CNBC,"We still have high inflation way more than 4% probably 6-7%. It is compounded yearly. Inflation is slowing but still high and prices will not return to 2019 prices. So much free money, worse type of inflation, past few years. 2019 to now new car prices up 41%, used cars 32% with wages only 15% increase since 2019. Wages never keep up to cost of living mainly from inflation. You must have a business, stocks/bonds, and rental properties to stay ahead of inflation. Home prices have more than doubled in certain areas"
Feb,CNBC,"When the FED steps, it creates moneys to purchase bonds the government created. It is a fiat currency with private bank setting the rate backed by a government with the power to lay and collect taxes."
Feb,CNBC,"Former US grand strategist Zbignew Brzezinski said: ""It is IMPERATIVE that no Eurasian challenger emerges capable of dominating Eurasia and thus of also challenging America"". Because the US has just 4% of the world's population, and it's isolated from the Eurasia continent which has 70% of the world's population, or 87% with Africa included. Defensively, it's an advantage to the US, but economically, it's a handicap. That's why economically, Eurasia is a competitor to the US and the Euro is a threat to the dollar. How does the US with an isolated and just 4% of world's population maintain its position as the world's biggest economy? The dollar must stay as the world's reserve currency. This allows the size of the US economy to be highly scaled up, instead of being sized according to the fundamentals. To be the world's reserve currency, the dollar must be circulated in the world. The US created a huge consumption-based economy and shifted manufacturing outside, so that dollars flow out of the US to product suppliers like China or Japan. To make products, China and Japan need energy. The US created the Petrol-dollar scheme, so that dollar is circulated to Saudi. With the US stock and financial market much more lucrative than other countries, the dollars from Saudi are attracted back to the US. Money printed in the US to exchange for goods from outside eventually ends up with the Wall Streets, where the rich gets richer. And that completes the cycle of circulation of the dollars. The American Dream attracted top talents around the world to strengthen the US' science and technology sectors, and a technological gap is maintained between the US and other major economy like China, so that the US benefits from highly lucrative high-tech product/patent exports, while low profit manufacturing sector is outsourced to China and Vietnam. This is why world leader in 5G, Huawei, are banned in 2019. If China or Japan bring back all the dollars and exchange to their local currencies, it inflates the local currencies, making their exports expensive. So, China and Japan use some of the dollars to buy US debts (treasury bonds). That's why the US, a rich country, is in-debt to China which has just 1/5th of the US' GDP per capita. And by holding US treasury bills, China and Japan have to support the US dollar, for if the US dollar collapses, their hard earn money would become worthless. After Obama's ""Pivot to Asia"" in 2011, which aimed to contain China, China introduced the Belt and Road Initiatives (BRI) in 2013 and diverted some of the dollars into it to reduce the risk of putting all eggs in one basket, and hoping that after these countries are developed, China would have a wider trade market. With a huge population, if Asia and Africa develop rapidly, the share of the US' economy shrinks, then the Euro could replace it as the world's reserve currency. When that happens, the US would no longer be able to print money out of nothing without a hyper inflation like Venezuela. Then the size of the US economy has to fall back to the fundamentals, which today is quite a lot smaller than the inflated economy. That's why no country in Eurasia is allowed to catch up with the US' economy. When Japan was catching up fast on the US in the 1980s, they were knocked down to a three decade stagnancy by appreciating the Japanese Yen. And in the last 30 years, the US created conflicts, wars and color revolutions in the Middle East, Central Asia and Africa to destabilise the Eurasia-Africa supercontinent. When the US prints a lot of money, other countries' foreign reserves in dollars shrink in value. Furthermore, to prevent exports to the US becoming expensive, these countries have to print money too, which devalues the savings of the people, and causing inflations in these countries. It's estimated that our savings devalue by 6-9% per year after the abolishment of the gold-backed Bretton Woods system, after which the US prints money based on just the creditability of the dollar. North America is relatively easy to defend, yet the US has a military budget more than the total of the next 9 countries in the top 10, to protect the dollar with its 800 military bases worldwide. For the record, the US had no mercy on threats to the dollar: ﻿﻿In 2000 Saddam Hussein said he would start selling oil in Euros not Dollars. > Saddam was hanged by the US. ﻿﻿In 2009 Gaddafi made Libya export oil in Gold Dinars, not in dollar or Euro. > Gaddafi was killed by US-backed NTC. ﻿﻿Syria had an independent Central Bank NOT under Federal Reserve controlled Bank of International Settlements. >> Obama attempted to overthrow Bashar al-Assad. Iran has been trading oil in currencies other than US dollars since 2011. > Iran was being sanctioned by the US. After being sanctioned in 2014, Putin started to trade in non-dollar. In 2019, Putin completely ditched dollars in oil trades, sold almost all the US treasury bonds, is now the forerunner in de-dollarization. > The US tried to topple Putin by supporting Alexei Navalny. And now the Ukraine war to weaken Russia China (1) introduced the BRI in 2013 which helps many countries to develop and speed up the integration of Eurasia, (2) used non-dollar in oil trades with Iran and Russia, (3) introduced the CIPS, an alternative to the West's SWIFT system which has been weaponized by America, (4) China's economy and high technology are catching up fast. >> China has become the US' #1 target. If a country supports the dollar, it's being looted; if a country doesn't support the dollar, the government is changed by the US. This is financial slavery. The Fed has printed 80% of all US dollars in existence since Jan 2020. There was $4.02 trillion dollars in circulation at the beginning of 2020. The number reached $20.08 trillion by Oct 2021. This amounted to an astronomical 34 trillions debt. Coupled with a global rising urge to diversify into non-dollar reserves caused by the US' sanctions to 39 countries, the dollar is in a creditability crisis. This is the major development which shapes geopolitics in the world today. The US cannot have direct wars with Russia and China because they are nuclear armed. Proxy wars put the battlefields outside of the US, and the US would looked like an outsider. Remember in the 1980s, the US supported the Afghan Mujaheddin in a proxy war against the USSR. Russia and China have clearly defined their redlines. Us would use its collaborators Zelensky and Tsai to push across the redlines to trigger the wars, and it would sell weapons to its allies in NATO and AUKUS, and get them to support the wars. After the dissolution of the USSR in 1991, US President Bill Clinton had two choices: to integrate Russia into Europe and abolish NATO, OR, to slowly alienate Russia to keep Russia and Europe divided. Clinton chose the latter, because if there's no more Russia ""threat"", there would be no more NATO to control Europe. As the first NATO Secretarv General. Lionel Ismav described the military role of NATO: ""To keep America IN, to keep Russia OUT, to keep Germany (Europe) DOWN"". NATO also allows the US to place missiles in Europe, so if a war break out in Europe, missiles would be flying between Moscow the East and Lisbon in the West, while the US remains safe across the Atlantic. And politically, the EU is an American creation, as much as a European one. It's much easier for Washington to control ruling elites at Brussels than having to control all politicians in Europe. The EU is used an ally or a sacrificial depending on the geopolitical needs of Washington. The proxy war in Ukraine: 1.Divided Europe from Russia and divided Eurasia. 2. Killed Nord Stream Il gas pipeline and German firm Energie Baden-Wuerttemberg has signed up for gas from America Venture Global LNG for 20 years. The US gained control over energy supply to Europe. 3. Created continuity for the Military Industrial Complex after pulling out of Afghanistan. 4. Most importantly, the war strengthened the dollar. Dollar against Euro is now the highest since NATO's bombing of Yugoslavia in Mar 1999 (happened two months after the official launch of Euro as the currency of the EU, which threatened the dollar). A strong dollar together with the Fed's interest rise in 2022 cause capitals from all over the world to flow into the US' economy, while collapsing other economies, like Sri Lanka. Else where, two months after ignoring a warning from Washington against his visit to Moscow, highly popular Imran Khan was ousted from the PM post of Pakistan on 9 Apr 2022. A month after ignoring Biden's demand to increase oil production, secretary-general of OPEC, Mohammad Barkindo died unexpectedly on July 6 2022. The US isn't relinquishing its privilege to loot. Remember after WW II, Europe and Asia were devastated, but the US emerged as the world leader and the dollar became the world's reserve currency."
Feb,CNBC,No mention of federal budget deficit which is rising by $1 trillion every 100 days
Feb,CNBC,This is what happens when you don’t understand how important that everyone else is to your economy and braking and not creating trade agreements.
Feb,CNBC,"They didn't mention about interest rate risk or duration risk. When the US Federal Reserve hiked the interest rates, the value of your treasury holdings fell. The Feds increased the rates to combat inflation, the increase rates is hoped to slowdown the economy and reduced dollars circulation leading to stronger dollar, etc etc. But increased rates also have my side effects, one of which lowering the value of their long term bonds. For foreign banks, buying these US treasuries mean they will have to exchanged their currency to dollars. Now imagine the rates of exchange before and after the hike of interest rates. They are borrowing dollars to buy bonds that made lower yield than their borrowing rates. Literally losing money. This is the case with one of Japanese big bank Norinchuukin. China also dumping billions of US treasuries despite losing money. The US monetary policies is far from stable and any decision the feds made and will make will affect their treasuries."
Feb,CNBC,Judging from the comments I see total lack of understanding why risk free sovereign debt is purchased. It should be noted that all other debt is priced higher and probably more suitable for Consumers and the general public. The idea that there is a large domestic market for 10 year Treasury notes is probably not true although can be tried. China is an example of a very large economy that restricts sovereign bond holders almost exclusively to domestic buyers but has found that without international participation you aren't leveraging external capital investment
Feb,CNBC,"I see inflation picking up again. If it does, then the Fed can either raise rates or hope it's transient. Again. Frankly, I think they (and Yellen) have the same courage and competence against inflation that Olaf Scholz demonstrates in the face of Putin's butchery - none."
Feb,CNBC,"This is marketing to sell bonds to retail investors. In reality, such a move just shows that the lack of foreign demand for treasuries is starting to worry decision makers in DC and in the big banks."
Feb,CNBC,Fed does not need to hike rates since 10 year treasuries have increased increasing mortgage rates
Feb,CNBC,"Debt papers should change to a Preferred Shares model which is perpetual. Just put term premiums for buyers who hold the preferred treasuries for 10 or 20 years. This way, when a foreign holder unloads, they would be the one looking for a buyer - unlike the current model which the foreign buyer simply waits till maturity and gets paid the principal, then the FED needs to look for new buyer of the debt that needs to be rolled over."
Feb,CNBC,"this is clearly just an ad buy so we can buy more treasuries, so the fed doesn't have to. Treasuries are not risk-free return, more like return free risk. Treasuries are by far the dumbest bond you can buy. Essentially with treasuries, as a tax payer, you are buying your own taxes back and then they tax you again for your gains from buying your taxes back. You will make more money buying high quality corp bonds or simply just putting your cash in a MM fund. Also, companies like AAPL and MSFT are technically more solvent than the US government. If the treasury keeps issuing these t bonds and there are no buyers, the fed will be forced to print more money and buy them. This will cause another wave of inflation similar to the 70s"
Feb,CNBC,"Buying fixed-interest rate securities hurts the American Economy, so long as our economy is growing slower than that fixed interest or inflation! It's free money for other foreigners, and I it worsens inflation. Am I wrong?"
Feb,CNBC,"iirc, US bonds are mostly bought by foreign country, China for example, to keep the US's interest rate low, low interest rate means consumer has the ability to buy big purchase such as house or car, low interest rate also means consumer has more money to spend, since the US the follow consumerism, money will keep moving in the market. This is a good thing for country like China since they want a market that keep consuming the goods they export. It's a win-win situation for both countries"
Feb,CNBC,"Please don't listen to these people. Bonds are declining in value. Real interest rates a still negative. We are in the everything bubble. Commercial real estate defaults and the subsequent bank defaults will probably pop these bubbles. Only real assets, like precious metals, farm land, energy producers will weather the storm. Berkshire Hathaway is holding over 150B in cash. If bonds were such a good value, Warren would be buying."
Feb,CNBC,A bond is a promise by the borrower to pay back the capital with interest. Its only collateral is a paper with nothing more than a promise to repay with interest at whatever interest on the coupon. The question is why would anyone choose to buy a promise to pay versus the alternative of buying shares in a listed company with a proven business model which has a viable asset base that generates income and profit that pays a regular dividend. Bottom line is what an investor gets in return for his investment with an assured and tangible business model whose financials are subject to audit and governed by commercial law with financial statements to show tangible business practices within the self-checking rules of competition that are investors' safety nets. A bond is basically a promise by the borrower to pay back with interest but it has no assured defined business plan. It is just a blank check!
Feb,CNBC,All fun and games until the grid goes down and the entire economy stops.
Feb,CNBC,5.5 million people- economy ran by oil profits. The whole country is slightly smaller than California. So? What.
Feb,CNBC,Norway is the 8th largest natural gas producer in the world and ranks as the 4th largest exporter of natural gas globally (pipeline and LNG). Norway has replaced Russia as the largest supplier to the European natural gas market
Feb,CNBC,"""This article is truly inspiring! Norway has proven that transitioning to electric vehicles (EVs) isn’t just a dream, but something achievable with the right policies and long-term commitment. Government support through tax incentives, investment in charging infrastructure, and public awareness about environmental issues have been the key factors behind their success. The fact that over 50% of new cars sold in Norway are EVs shows that big changes start with consistent small steps. What do you think—can other countries replicate Norway’s model? Or are there unique challenges that other nations need to address in adopting EVs?"""
Feb,CNBC,"It's not that the demand for premium seats has increased, it's that economy seat spacing and quality has decreased so much over the years that now ""premium"" seats are really just what regular economy used to be."
Feb,CNBC,Premium economy is what a normal seat was before the airlines went rogue
Feb,CNBC,"The reason we pay for “premium” is because it’s the basic economy we used to pay for years ago. We are simply paying for a rebranded, bare minimum service. At least domestically here in the U.S."
Feb,CNBC,"I have been loyal to Delta for decades and maintained top status for many years. The pandemic basically stopped my business travel and I lost my top status. Now I fly with much lower status and notice no difference! In fact, I can now get one of the better economy seats and hold it, instead of getting ""upgraded"" into a middle seat or other less desirable seats. All the things they talk about are just marketing fluff. Food is still crappy. Economy meal on Asian airlines beat US Domestic First Class meal... The only real area the US airline did better is Internet. Having the ability to check work email and keep up with some work helps me to be less stressed when I land, especially after a long flight."
Feb,CNBC,Being on an American air carrier in Economy class is like being in the hottest corner of Hell.
Feb,CNBC,"I'm almost six feet tall, so flying in any economy seat is very uncomfortable, no matter how much I get up and stretch my legs. I'm in agony for a day or two after a long flight. Premium economy is often triple the price of economy so I can't afford it. I couldn't care less about meals, WiFi or in-flight entertainment. Give passengers more legroom in economy!"
Feb,CNBC,"The economy airlines have shrunk their seats to the point they have to leave the back 2 rows empty (12 seats).... due to weight. Hear me out, what if they made the seats bigger again and just left out those 12 seats, automatically reducing the weight of the plane?"
Feb,CNBC,The airport lounge is exactly why I went with Venture X. I’m hoping they continue to expand their market share. If they could get into Charlotte and Atlanta I would be set
Feb,CNBC,"If there’s a bunch of kids running around and so many people, lounges aren’t worth it. The whole point of lounge access is exclusivity and luxury, and I don’t love airlines for their bastardisation of economy but restricting lounge access is the right thing to do in my opinion"
Feb,CNBC,"The majority of people would pay extra for larger economy seats if we knew beforehand that we were getting value of the money. It isn't always easy to find out the information in advance before purchasing a ticket what seat width and pitch you are booking, they use terms like extra leg room or economy plus but that means nothing without the facts to compare."
Feb,CNBC,Air travel is becoming such an increasingly terrible experience if you can't afford to drop that extra cash on upgrades. It's not like basic economy seats don't also cost an arm and a leg.
Feb,CNBC,I’m for consistency: my lounge is the Burger King in the terminal with a sloppy burger and my seat in economy gets consistently worse every year ✌️
Feb,CNBC,"I think it was the right step to restrict access for basic economy seats. If everyone get access the quality food, drinks, cleanliness, wait time and experience in the lounge goes out the window and the airline needs to please its higher paying and frequent flyer customers in the lounge areas."
Feb,CNBC,my parents have exclusively owned Hyundai vehicles for the last 2 decades almost. and they have gotten massively better in the Indian market in the last 5 years specifically. can't wait for genesis to be launched in India
Feb,CNBC,I've been saying this for years and now it's be widely recognized. I appreciate what Hyundai has done on the automotive market
Feb,CNBC,I own a Genesis G80 and can vouch for the quality. It's well made and my mechanic says these things are pretty bullet proof. They're also excellent to drive and super comfortable. Hyundai have done a great job in recent years stepping up their game and I can see myself buying more of them.
Feb,CNBC,"Hyundai is the most beloved brand here in India, the market share is #2 in this big country. Expecially Creta is a great SUV which opened SUV market in India 8 years ago. Respect Hyundai!"
Feb,CNBC,"Owner of a 2022 Elantra N, and it's a blast of a car and a thrill of a time to drive everyday. Hyundai has seriously blown up and they're here to play. Screw the haters living in 1995, don't always listen to your mechanic buddies saying they're unreliable.... theyll say that but only ever work on the old old models in early 90s and 2000s/2010s.... it's 2024 and Hyundais are very impressive these days. And invest time researching into Hyundais N division it'll make you appreciate the engineering they put into their cars. Don't listen to the hate, a lot of people will talk out their butt."
Feb,Bloomberg,"Don’t be fooled by the beauty. I watched her throughout her career, Maria is one of the mentally toughest players ever to play tennis, male or female. Never had a tantrum on court, never got down on herself, always channeled her frustrations into positive energy. Only other player I can say the same about is Rafael Nadal. Even Federer, Djokovic and Serena had meltdowns."
Feb,Bloomberg,"I think her North Star was the pitch. The pitch to invest. When she invested in the lotion company. It was spontaneous, passionate, relevant and very daring, though that has not been her most value-added investment. That was her career as tennis player. I love her respect for her Mom and Dad."
Feb,Bloomberg,How is ministry of Ayush related with Brands like Patanjali and Dabur which were literally in tge market even before the formation of this ministry. And where does ministry of Ayush promote brands like Patanjali etc. Do they even know the mandate of ministry of Ayush. Furthermore where has Modi said that Ayurveda should replace Indian medical system like literally during Covid he sacked his Health Minister for supporting Patanjali. Dude this is just dumb propoganda . Nobody is forcing people to choose ayurveda however while there is no doubt that Ayurveda has its own flaws tge Indian Medical System cannot absolve themselves of there folliies . The fundamental reason of this incline is due to healthcare becoming an cash cow for hospitals and the common people literally loosing their life savings to a disease .
Feb,Wall Street Journal,"Markets are underestimating how long rates will remain elevated. The FED DOES NOT want to return to the era of zero interest rates - it created too many bubbles (Bitcoin, EVs..). Until we hit a recession, they will remain elevated."
Feb,Wall Street Journal,"Brother, when are you going to start reporting on Bitcoin"
Feb,Wall Street Journal,"You could add a backpack for the film, picture a soldier with a gatling gun with the ammo belt being fed from a backpack."
Feb,Wall Street Journal,Now only if they'd invest in their GT screen equiped theaters and upgrade them all with AT LEAST Dual Laser. Dallas' IMAX has had a broken 15/70mm IMAX projector for too long.
Feb,Wall Street Journal,"Interesting! There is also a video from the cinematographer of Oppenheimer, Hoyte van Hoytema, that is interesting about the rigors of filming Oppenheimer. iMax didn't have a B&W film stock in 65mm so they had to contact Kodak to make it for the scenes Christopher Nolan wanted to be filmed."
Feb,Wall Street Journal,"In light of the ongoing global economic crisis, it is crucial for everyone to prioritize investing in diverse sources of income that are not reliant on the government. This includes exploring opportunities in stocks, gold, silver, and digital currencies. Despite the challenging economic situation, it remains a favorable time to consider these investments."
Feb,Wall Street Journal,"You buy low and sell high. China's downturn is a buying opportunity. America's upturn is selling opportunity. All of these influencers telling you to invest in US stocks now are trying to raise the demand of theirs before they sell. They are hyping them up for profit. Unless you think China will collapse, it's a great buy to hold for 2 years"
Feb,Wall Street Journal,China investors are buying gold that's why it's high now and staying away from real estate and stocks
Feb,Wall Street Journal,"I am in Japan. We had our smallish savings invested in Japanese stocks, using the buy what you buy paradigm, concentrating on post COVID rebounds. And we did well. But lately the boom in Japanese stocks seems a bit, or a lot, like a bubble. I not really feeling it. Japan may keep booming, but with political scandal especially, it may not. So I put half of our money into a Chinese EFT a little while ago. The stocks fell so we are still down a percent but it jumped 3% today. I came here to see what was happening. So, it could just be the Chinese government doing a BoJ? I am going to hold. I teach in a Japanese university. The Chinese overseas students seem the most energetic, healthy, positive."
Feb,Wall Street Journal,"Funny. Even in a booming economy, BABA has STILL been down on a year basis."
Feb,Wall Street Journal,"If there's one thing investors have learned over the years,it's that when it comes to China, nothing is certain. As a Chinese, I agree.😂"
Feb,Wall Street Journal,The same philosophy applies....Buy when everyone is selling......Buy...Buy more ..They say China is un-investable if so why is China still selling goods to other countries...
Feb,Wall Street Journal,then explain why the japan and german stock markets are heading upwards when their economy is heading down.
Feb,Wall Street Journal,"Investors are not fools, its a buying opportunity."
Feb,Wall Street Journal,This artificial buying will only make it harder for these stocks to continue to grow.
Feb,Wall Street Journal,"Hang Seng is a Hong Kong stock index not a Chinese one. Clumping them together is completely absurd. I doubt for example that AIA, HSBC or Cathay Pacific’s performance reflect that of china’s"
Feb,Wall Street Journal,"So with their stock market in the toilet a good time to invest if you’re an optimist, China has many many problems. Xi just said traders should not pursue hedonism, only pleasure has worth thinking. So apparently making money is bad."
Feb,Wall Street Journal,"At the end it weighs between geopolitical issues and companies making profits. By that predecessor the fall of China has not even began yet as China is yet to clarify its future plans on southward territorial expansion. The stock market aren't doing well either, you can check the index fall. The fall of Chinese market will be slow unlike in the west bubble pops as western countries aren't communist. I'd suggest staying out or else the money will be stuck when the time comes. There are better opportunities available to invest."
Feb,Wall Street Journal,"Good luck getting your money back. I hope these institutional investors don't go crying to Uncle Sam when billions in paper gains are worth nothing because, like Russia, they cannot repatriate their profits."
Feb,Wall Street Journal,I've been thinking about investing in a China Tech Stock ETF. Obviously I'm not the only one
Feb,Wall Street Journal,"thank you so much, it's like a compliment for our country, my personally opinion dont think it's a good timing for investing in our country. because our economy isn't great and it's pretty vulnerable atm, i think with the perfect storm which geopolitical uncertainty ahead, our country is like japan was in 90s , our country is like in our lost decade, that's why our asset looks cheap but if you're institutional investors ,I dont think it's a good timing for invest in our country."
Feb,Wall Street Journal,I am not gonna Invest there
Feb,Wall Street Journal,"Wow, who knew flooding the market with ukrainian grains can lead to farmers protesting across europe."
Feb,Wall Street Journal,"A couple of points: 1. Poland has been at the forefront of aiding Ukraine. We sent a LOT of our military equipment, the counter-offensive under Kharkiv was largely done with our T-72 tanks. We lobbied for every sanction and every package for Ukraine. We hosted millions of refugees a a grass-roots wave of historically unprecedented support. Ukrainians are eligible for every social benefit, including pensions on equal terms and received government ID's within months of arriving. 2. Grain isn't even a huge part of Ukrainian budget. Ukraine is not pressed for foreign currency since all aid is in dollars, euro or direct equipment transfers. 3. Ukraine was the one that escalated the situation by going straight to WTO. I am whole heartedly in support of UA, my family continues to host an elderly couple from Kyiv, I have personally donated money. However, you can imagine the growing annoyance among Poles with the shear ungratefulness and self-entitled diplomacy of the UA government. We are also an agrarian country. We also have millions of households that depend on agriculture. Can we be adults here and acknowledge that this isn't some whim that Polish farmers convinced themselves of? Can Ukrainians see that despite having overwhelmingly overlapping political interest we cannot throw an entire sector of the economy under the bus for them? Also, the meeting that Zelensky proposed is such a farce. Does anyone really think that ministers will just sit in a field in Subcarpathia and talk it out? When was the last trade deal that got settled this way, the 13th century? Why this clownshow?"
Feb,Wall Street Journal,"To be fair, this issue is more complicated than you tried to highlight. First of all, the blockades of Polish farmers aren't only related to the fall in prices of their goods due to the admission of Ukrainian goods to the EU market. Initially, this possibility was linked to the fact that Poland will only be a transit country. Unfortunately, that's not the case. Many large Polish agricultural companies, such as Wipasz, have confirmed that they have bought Ukrainian grain. So it has a great influence on the price of goods in Poland. Secondly, Ukrainian goods don't meet EU food safety standards. So their quality isn't as good as it should be according to Brussels' standards. This means that Polish grain can't compete fairly with Ukrainian grain. Thirdly, these protests have been going on since last autumn. Polish farmers are frustrated that this issue hasn't been resolved yet. And finally, the Green Deal. Polish farmers are against it because they feel that no one has consulted them. Many mainstream media in Poland admitted that it was a communication nightmare from the EU side. So Brussels should learn a lesson from this. It's a big picture of the problem, thank you very much."
Feb,Wall Street Journal,"I think we’re just fed up with Ukrainie playing victim card every time, instead of addressing very real issues. Ukrainian food doesn’t have to comply with the strict EU rules and due to that it’s cheaper and European farmers can’t compete. Ukraine doesn’t want to admit to this unfair advantage and just pretends like Europeans livelihoods are just “politics”"
Feb,Wall Street Journal,"You skipped key facts in the story. Ukraine doesn't have to adhere to strict EU standards and ""green laws"" when producing their grain, they also use pesticides that are prohibited in the EU. A lot of the grain wasn't even fit to be consumed by humans. The politicians made a deal to aid Ukraine and bought their grain and Polish farmers grain that they produced ended up rotting in storage. Many products that arrived from Ukraine were contaminated with salmonella, chemicals, mold and plastic(found in raspberries). It's not only about farmers being treated unfairly, average citizens don't want to be fed this poisonous garbage while the country is capable of producing good quality food locally."
Feb,Wall Street Journal,"This report omits very important facts. The grain in the EU has to meet many standards and regulations and this pushes costs and prices up higher while the grain from Ukraine was liberated from meeting any standards thus the cost of production is much lower (before the war this grain was shipped to Africa - obviously noone cares about quality there) , because the eu farmers were not even temporarily liberated from keeping their products quality up to eu standards the inundation of the markets with Ukraine grain if foul play because low standard grain costs half the price and basic information about the origins, the producer and consequently the quality are cleverly being misheld from the consumers who think this is the same stuff."
Mar,CNBC,"If the economy is all you're worried about, then you really need to pull your head out the sand. Our very survival is at risk with a runaway greenhouse effect and the sixth great extinction in full swing. The biosphere we depend on is ever more rapidly being torn apart as we do nothing to mitigate the effects of these changes and even less to try to stop them."
Mar,CNBC,"stop the wars, invest in the country. A ton can happen if we cut Military spending."
Mar,CNBC,"What is absolutely always missing in these ""climate videos"" is the clear cut outlook on the future of our economies in relation to the policy decisions actually REQUIRED to fight climate change. Fighting climate change will not make everyone richer. There isn't some great hidden potential in terms of productivity increase that unlocks as soon as we start using green energy. We KNOW this because if there was then the free market wouldve already gone for that. People need to realise that fighting climate change will not be comfortable. Theres exactly two ways that we can fight climate change: 1. Use more efficient and ""climate friendly"" technology, which in either way costs money to develope and deploy. 2. Lower living standards for everyone and keeping poor countries poor because rich people use more resources. Obviously this way is extremely unpopular which is why politicans wont talk about it. The final policies will be somewhere in the middle. But no matter what we do: Climate Change is first and foremost a tax that absolutely everybody pays on absolutely everything. That money will go towards actually fighting climate change. It doesn't grow on trees. It's not going to be fun. It's not going to be popular. But it's the reality of things. So lets stop with this nonsense that climate change is some great opportunity that holds some sort of wonder miracle growth potential inside. Be honest with the people."
Mar,CNBC,"I glad to have an adviser who is excellent in what he's doing , you changed my entire life and I will continue to preach and song your praises on your behalf for the whole world to hear you saved me from huge financial debt with just a small investment, thank you Andras Bohm!!!!"
Mar,CNBC,"Next on CNBC, how would human extinction affect the economy?"
Mar,CNBC,Engaging with books has significantly elevated my perspective on investing. True wealth isn't built through mere savings; financial freedom stems from strategic investments. I've learned that accumulating wealth hinges on making prudent investment decisions.
Mar,CNBC,If the US want to increase their economy I suggest they should've develop fusion reactor.
Mar,CNBC,"This freight ship lines are a huge factor on why our consumer goods are going up. Maersk & others have increased the freight prices which is then passed on to us to maintain their OR... What we're about to see is a shift in logistics, especially in NA, with the likes of Maersk doing M&A's and then investments in Mexico that is becoming the battleground for end-to-end logistics. Honestly, the only takeaway here is until North American logistics stabilizes post-shift away from China and leverages fully the USMCA in trade, Maersk & the likes will continue to make bank & eat up all the smaller companies in every facet of the supply chain LOL"
Mar,CNBC,Maersk's strategic diversification into air freight and last-mile delivery is a smart move in navigating the unpredictable waters of global trade. This holistic approach not only mitigates risks but also enhances their ability to adapt to rapidly changing market dynamics. 🚢
Mar,CNBC,"Maersk also raised the stock dividend, so they don't reinvest all the excess profits."
Mar,CNBC,Old economy international trade always grow countries production. Long way run.
Mar,CNBC,"unionized janitors dont get laid off, matter of fact we're understaffed and id bet the unlivable wage i make that they're understaffed near you too, so feel free to apply"
Mar,CNBC,"In the United States, the laws for recording phone calls vary by state. The two main types of laws are one-party consent and two-party consent. In one-party consent states, you must notify and get consent from at least one party on the call. In two-party consent states, or all-party states, you must get consent from all parties to the communication before recording. If a party does not want to be recorded, they can leave the call. Federal law also prohibits recording conversations with criminal or tortious intent."
Mar,CNBC,Every time I left a job fired or quit I ALWAYS found a better job at higher pay!😂 my last job which lasted 16 years until forced out into retirement I was making literally 140% more than my previous job within 3 years of being hired. That money invested is worth hundreds of thousands of dollars almost a million dollars more than if I stayed at the previous job!
Mar,CNBC,Tiktok you still can have north korea Iran and Russia markets and freedom of expression there
Mar,CNBC,"Interesting that the Managing director of a Research company that focus on investors are telling us that EV tires must be replaced at 15K miles. When the tire manufacturers themselves, the ones that stem from benefiting from us doing it more often say it is giving 4x that amount of miles in warranty."
Mar,CNBC,Fact that car industry is forcing bigger diameter wheels is worse for the customer pocket. It’s always better to stay below 18 inch wheels as you get more comfortable ride and cheaper tire. When you’re buying an EV you also get more range out of smaller wheels. Same for ICE you spend less fuel. I am in the market for new tires for my Tesla and tires are overpriced and I am seriously considering taking regular tires and putting them on. I did that for winter tire as there warranty any EV winter tires 3 years ago and they last longer as the tread depth is deeper on non EV tires unlike EV tires where it is less deep for less tire noise. So going for 18 and normal ICE tire you’re saving money on tire and range loss is not to much noticeable and tires last longer. Just for example you can get regular ICE Michelin Primacy 4 instead od dedicated EV tire the E-Primacy. Continental also labeled all of there new tires as EV so they are lovering rolling resistance for ICE tires as well. So overpaying for “EV” tires is waste of money you can buy foam on a double tape and stick it yourself to reduce the nose. But it’s a small difference you don’t really notice and a gimmick. Another thing is every EV owner needs to do wheel alignment as factory rear wheels are looking inwards nit straight resulting in uneven ware shortening tires life. It’s like if car industry is deliberately trying to squeeze more money out of customers pockets. Uneven where is there reason I had to throw away my oem tires after only 3 summer seasons and 40Kish miles ~70K km. My non EV winter tires will last at least double! I am defensive driver and I slow down by regenerating 99% of slowing down.
Mar,CNBC,"Wait until cheap evs are introduced in the western markets, now the fast and expensive are the main evs. Then the highest volume sales will be cheaper cars and they are slower…. Then the average use of ev tires would go down. It’s not a real comparison at the moment."
Mar,CNBC,I guess up to 36% interest rates are fine? Insanity.
Mar,CNBC,"The interest rates are being jacked up to gouge all cardholders to not only make up the lost revenue, but in good ol’ finance fashion, they are rapidly gutting the credit space as quickly as possible before the bottom drops out of the economy, and government reins in credit card interest rates heading into loan shark territory. We’ve surpassed the hyper inflated rates tolerated in the 1980’s, hopefully those in power are aware of the collapse of debt, if nothing is done."
Mar,Bloomberg,""" The economy is doing great"" says the state of the union speaker"
Mar,Bloomberg,"Every time Biden or some media outlet INSISTS the economy is doing great, I just can’t help but feel like we’re being gaslighted. Great for who, exactly? Young people like myself with decent jobs don’t have a prayer of ever owning a home, and trips to the grocery store have become painfully expensive. I actually made less money in 2019, but it *felt* like I was making more than I do now."
Mar,Bloomberg,Inflation reduction act is a terrible name. It does exactly opposite to reducing inflation by pumping billions into the economy
Mar,Bloomberg,When I go to the supermarket I scream
Mar,Bloomberg,Only the rich are doing well in this ''new'' economy.
Mar,Bloomberg,"I'm a Canadian. Lots to say, here's a few thoughts. There's nothing inherently wrong with immigration per se; we do have a lot of space and under-developed areas. When the video says ""decades of under-investment in housing"", sure, but why then such high levels of immigration in such a short time? The Liberals totally botched this. They could've first made those crucial investments, and THEN increased the rate of immigration once the housing situation was more accommodating. Same with healthcare. They really should've increased immigration more slowly and more commensurate with an increase in services. It feels more like our government is more interested in propping-up our housing market and importing cheap labour than it is in caring for its citizens. Yet our productivity is still lower than it could or should be... Just a few thoughts... Oh, and Justin Trudeau should resign, like 5 years ago..."
Mar,Bloomberg,"Politicians did not think about the support system for newcomers: housing, healthcare, education, and transportation. Also after COVID-19, there was a surge in temporary residents ( international students and temporary workers) The other mistake is that Canada is bringing foreign workers and international students but not international investments for innovation, entrepreneurs, and financial capital."
Mar,Bloomberg,The student visa scheme has been a disaster because it discourages investment in the local populations
Mar,Bloomberg,The federal policies have gone a long way towards destroying this once great country
Mar,Wall Street Journal,"People blame many of Boeing’s current woes on the “McDonnell-Douglas culture,” but how many have stopped to ask how that toxic, short-sighted culture and management philosophy came to be in the first place? A nontrivial piece of the answer is that McDonnell Douglas had lots of Jack Welch-era GE alumni throughout its managerial ranks. Welch’s tenure at GE was marked by counterproductive cost-cutting, and a laser focus on upcoming quarterly earnings above all else. He is also known as the pioneer of “rank and yank” (I.e. fire the bottom ten percent of employees). I wouldn’t be surprised if more than a few of these people made their way to MD. In 1996, GE was the most valuable company in the world. The MD merger took place in 1997, so that culture was very much en vogue at the time. Not a stretch to guess that this played a role in how MD management came to “take over” at Boeing. Also consider: Current CEO Dave Calhoun and the first new post-merger CEO, Harry Stonecipher, were also Welch-era GE alums and disciples. Is there more to it than that? Yes; however, Boeing’s current state of affairs begins to make a lot more sense with that extra layer of context."
Mar,Wall Street Journal,"Boeing needs an Engineer as CEO, not a private equity expert - like the current CEO is. Since the current CEO is stepping down together with some of the senior management, it is paramount that he is replaced with an engineer - who give priority to the quality of the aircraft, and not to increase profits for investors irrespective of all other things..."
Mar,Wall Street Journal,Many investors had high hopes going into 2024. The market’s robust first-quarter rally still managed to surprise them. Read more about how the S&P 500 is poised for its best start to a year since 2019: https://on.wsj.com/4abYnau
Mar,Wall Street Journal,on paper the economy is doing excellent.. but talk to the average American & its a different story.
Mar,Wall Street Journal,"It's quite simple. The measuring tool for a ""strong economy"" is detached from the reality of people. The strength of companies isn't translating to more money for consumers. Companies are hoarding cash instead of raising wages."
Mar,Wall Street Journal,That’s what inflation does. Economy isn’t strong when there’s no price stability
Mar,Wall Street Journal,"The economy (stock market and businesses) are doing well now. But home prices, rents and car prices have shot up well past inflation. And it turns out rent, home and car prices are what the average person cares about most."
Mar,Wall Street Journal,"Its morbidly funny to watch these little graphs tell me the economy is great while everyone I know is drowning under food price increases, rent or the inability to buy a house."
Mar,Wall Street Journal,"The voters don't agree because the economy is not strong. The economists can't seem to understand that their models are not correct; there are too many things missing in them, and the weight given to what is present is unbalanced. The voters do not experience the economy the way the experts measure. Decades ago, Harry Truman famously said ""line up a group of economists and they'll still point in every direction"". Some things have not changed, or at least they haven't straightened themselves out."
Mar,Wall Street Journal,"because the economy is not strong, and consumers aren't fooled by faulty statistics"
Mar,Wall Street Journal,"-Do I have the wrong indicators for microeconomy? -no, it's the voters who are wrong"
Mar,Wall Street Journal,"I'll tell you a secret... people are tired of income inequality. They know that they are not getting properly compensated for the work they do. So the real question is: who benefits from a ""strong economy""? Not the average person."
Mar,Wall Street Journal,Big difference between the stock market and the grocery market
Mar,Wall Street Journal,"Although constantly harping on the ""strong economy"" talking points, it didn't stop my liberal Trump-hating friend from feeling she had to move from CA to Texas to survive economically."
Mar,Wall Street Journal,Because GDP is not a good indicator or the median income growth for the middle class. The growth in the economy disproportionately goes to the wealthy.
Mar,Wall Street Journal,"Our economy is like a flailing fish, fighting for its life. The normal state of the U.S. economy is actually very bad. Because of this it goes into convulsive spasms fighting to grow any way it can out of desperation. Tricks, gimmicks, rule changes try to stimulate the economy and prevent it from falling but they only bring temporary relief to people since, when you factor in inflation we are declining."
Mar,Wall Street Journal,"Missed the key point: The income gap has widened significantly during the Biden Administration. Most people are worse off regardless of what GDP says as the driver for the last 4 years has been monetary policy rather than fiscal policy. This results in a disproportionate amount of wealth being generated by asset price appreciation rather than the real economy (other than the tech sector). Whilst those that own a multi-million stock and/or real estate portfolios have gotten tremendously richer, the middle and working classes have gotten increasingly squeezed...there are a lot more of the latter."
Mar,Wall Street Journal,“The economy is doing great” only has and will mean “the rich are getting richer”
Mar,Wall Street Journal,"If Wall Street is strong they say economy is doing good, but those companies can layoff thousands of workers and see their stock prices go up while those people just had their lives turned upside down but we still care more about how well WS is doing all the time."
Mar,Wall Street Journal,"I hear and read so much chatter about how this economy is, ""Smokingly hot, never been one like it before, we're the envy of the world,"" etc. This chatter is just the 1% talking amongst themselves."
Mar,Wall Street Journal,"It’s interesting. I’m in Canada. The grocery stores are under investigation for processing gouging due to public pressure. In the last few weeks, the prices on groceries has gone down DRAMATICALLY. One example- ground beef has gone from $15/kg to $9/kg."
Mar,Wall Street Journal,"The reason is because how well the Economy is doing doesn’t matter to people. People care more about what they end up paying at the register . Not to mention the negative affects of the pandemic on the economy already done it’s damage , so while the economy is doing much better , things still won’t go back to being how much they costed pre pandemic."
Mar,Wall Street Journal,"Rent/mortgage rates, groceries, gas, and wages are the real economy. And all of those are a disaster right now."
Mar,Wall Street Journal,Inflation is part of the economy. People are struggling. The pay doesnt match the inflated cost of everything that has to be purchased.
Apr,CNBC,Fed should just update us every quarter if nothing major is happening. No point in talking if you’re saying the same thing with different words 🙄
Apr,CNBC,"I feel investors should be focusing on under-the-radar stocks, and considering the current rollercoaster nature of the stock market, Because 35% of my $270k portfolio comprises of plummeting stocks which were once revered and i don't know where to go here out of devastation."
Apr,CNBC,Central Banks should be transparent. I don't see this as an issue. And fed speak is a form of transmission of monetary policy.
Apr,CNBC,"Interesting how over 2% inflation has been a concern when central banks and the Fed begin to hike interest rates. I consider the rising interest rate to be a very serious issue since it will undoubtedly cause more investors to withdraw their money from the stock market. But then I'm still aware of certain investors that continue to earn over $365,000. Wish I could accomplish that."
Apr,CNBC,"The market and the Fed consistently underestimate the sticky nature of inflation. The markets are still unsure if the Federal Reserve will continue to its plan to raise interest rates until inflation is under control, despite the fact that bond yields are rising while stock prices are falling. What is the greatest strategy to take advantage of the current bear market while I'm still deciding whether to sell my $400k worth of stocks?"
Apr,CNBC,"It's interesting that when central banks like the Fed start raising interest rates, inflation of more than 2% has been a concern. Since more investors would surely take their money out of the stock market as a result of the rising interest rate, I view this as a very significant problem. However, there are still some investors that I know of that make more than $280K. I wish I could pull that off."
Apr,CNBC,"Awesome video, Gracias,! I think the market is over-heated. And I am concerned that people are focusing less on fundamentals and just chanting the mantra of dollar cost averaging and driving the market higher without considering fundamentals. It is a catch-22 for me. I mean I like crypto prices going higher but I also hate buying over-priced market and ETFs. Personally, I have stopped buying growth ETFs- they are ridiculously over-valued. Dividend crypto and ETFs are a little better but they are still over-valued. There is some hope with small and mid caps. I am not sure they are undervalued but at least they are less over-valued..This pattern offers a valuable insight for strategic planning. Despite these trends, i have delve deeply into active trading and managed to grow a nest egg of around 100k to a decent 432k in the space of a few months... I'm especially grateful to Gianna Marie , whose deep expertise and traditional trading acumen have been invaluable in this challenging, ever-evolving financial landscape."
Apr,CNBC,"The problem is not the quantity, but the credibility of Fed’s statements. Markets were jittery because Fed always made wrong predictions. By the end of 2023 they had said it could slash rates; then reversed back from that stance this year. In 2021 they kept saying inflation was transitory but it eventually shot up to 9%. Banks like SVB defaulted because they were wrong-footed on Fed’s interest rate guidance. People manage their finances (mortgages, business loans) based on interest-rate expectations, but even the Fed’s hundreds of PhDs are seemingly clueless about it"
Apr,CNBC,When the Fed chair's mouth opens the markets move
Apr,CNBC,They federal reserve: They are not doing their job until you lose your job.
Apr,CNBC,"“Just because a number comes out that doesn’t jive with your forecast, doesn’t mean you should change your forecast or change your outlook” Is this a statement for the Fed or investors because it seems that both sides don’t have a real framework or outlook."
Apr,CNBC,I don’t mind it. Only people trippin out about market volatility are day traders.
Apr,CNBC,I swear I feel like people are like babies sometimes. The fed has said time and time again that things will change depending on how the market is. Idk how hard it is for people to understand that this means the fed doesn’t know.
Apr,CNBC,"The Fed should be investigated for market manipulation at this point, given how much they affect the market and how often they keep speaking."
Apr,CNBC,Too many fed officials speaking can be too much.
Apr,CNBC,"YES it does and CNBC LOVES IT, In fact they talk about it more than the Fed."
Apr,CNBC,"Maybe media/news companies shouldn't push out so much content whenever the Fed does speak. Just provide a link to the official post from fhe Fed and let interested parties inform themselves. Most people can't clearly define what inflation is, so I doubt they'll understand most of what Fed officials are speaking about."
Apr,CNBC,Years ago the Fed did not remark every other day! No need for it. Ridiculous!!!
Apr,CNBC,"Market volatility is a good thing, not a problem."
Apr,CNBC,The world is highly uncertain and change occurs frequently now. The Federal Reserve is trying to guide the economy forward and that is difficult.
Apr,CNBC,"The worst part is not only the American Economics that rattles when the federal bank says something but also the central banks of other nations who anticipate their every move to protect their respective economies. So much power has been given to the US Federal Reserve but I can't blame them, they need to be frugal about making statements."
Apr,CNBC,"The ETF and stock markets are still quite volatile, just like the property market. My $670K portfolio is down by 15% even as the stock market is on the rise lately. what’s the best way to correct my portfolio?"
Apr,CNBC,"Yes, I love when a non voting member decides they want to say something contrarian in the middle of the trading day that sends the market down 1%+ for absolutely no other reason"
Apr,CNBC,"Years ago a reaches the conclusion that was an strategy to not openly disclose market moves! Uncertainty has been the WORD out of the Jerome Power mouth! I’m surprised that CNBC is speaking out about this, probably is also part of the strategy!"
Apr,CNBC,"They also come out and speak to keep things transparent to the common public and not just for the stock people. If the stock market is over speculating on everything, then it's not their fault really."
Apr,CNBC,"Too much temptation for fed members and their cohorts (family, friends,etc) to trade the markets prior to said announcements and make tons of money…etf’s, etc."
Apr,CNBC,You know it's gotten outta hand when even retired Fed members speaking moves the market.
Apr,CNBC,That is the point. If the market rallies... if the market corrects... this is by choice.
Apr,CNBC,Yes there are too many members of the Federal Reserve speaking out. It was better when Alan Greenspan was Chairman and all public comments went through him.
Apr,CNBC,"Yes and no. It talks too much for people who don't know what they're talking about which confuses a lot of traders and investors. For those who know what they're talking about and the implications, we enjoy the transparency. It's great for day trading."
Apr,CNBC,I think what they are doing is fine - market is just being market and being way overreactive to what they say. But they should communicate in a scenario based manner. Currently they focus on base case too much
Apr,CNBC,What if there was just a fixed supply of infinitely divisible money and we just let the free market determine interest rates?
Apr,CNBC,"The fed talk what they need to speak. The market is the problem, traders use fed chair's words to move the market."
Apr,CNBC,I think the real issue is we think the market is the only thing to measure our country by. The old fashioned prudent ways of running a business long term are all gone and only care about the stock price. If we focused on how to run our businesses we wouldn’t are so much about the fed.
Apr,CNBC,25 bps interest reduction will be absorbed by growing US economy. But either hiking or keeping high will harm middleclass. They pay everywhere more but no opportunity to make small money in ewuity too!
Apr,CNBC,Average cost for a four year tuition at Boston. 84k before aid. 38k after aid. They're already getting a 45k bailout by federal and private donations.
Apr,CNBC,"you know it’s mostly old people who want socialism, not young people. Seem confusing? Well most people don’t consider their personal experiences as socialism, but objectively it seems that way. For example, we tax payers give billions of dollars a year to meat and milk farmers, and to big oil, for their subsidies. I am vegan and live in Boston, a major city, I don’t drive much and had I not just bought an investment property for renting out, I would buy a used EV as my next car, like a Tesla Model 3. Yet, I make six figures and pay a substantial amount of my taxes to appease other people who feel entitled to my money, so they can have cheap meat and cheap gas."
Apr,CNBC,"Free college is an investment by the government in the knowledge of the general public. People who have the oppertunity to go to college in most cases will have better paying jobs in the years after, typicallu resulting in higher taxes paid over many years. Therefore in general terms this is a good investment, even though there will always be individuals who can abuse the system. Those last don't however really matter on the large scale."
Apr,CNBC,"Its worse here, our economy is like a flailing fish, fighting for its life. The normal state of the U.S. economy is actually very bad. Because of this it goes into convulsive spasms fighting to grow any way it can out of desperation. Tricks, gimmicks, rule changes try to stimulate the economy and prevent it from falling but they only bring temporary relief to people since, when you factor in inflation we are declining."
Apr,CNBC,"With the Fed cutting interest rates by 50 bps, what do you think will happen to the stock market? My portfolio has performed exceptionally well this year, but I am concerned about the possibility of a market crash and losing my gains though but, it's all on a brighter and splurging side for Gold and Silver, should I look that way?"
Apr,CNBC,"Crypto is risky as many would say but I think the actual risk in Crypto is not investing, buying the capitulation isn't a tough call, but it is a very tough call to figure out what to do aside holding. I remember when I just got into crypto back in 2019 but later in 2020 I ended up selling it because I was dumb and I didn't understand it. I studied and learned and now I know how it works. Got back into crypto early in 2023 with 10k and I’m up with 128k in a short period of time"
Apr,CNBC,"France, the UK, Germany, Japan, Korea, and the USA are also experiencing population decline, but their economies are doing so well that they remain part of the world's strongest economies. The main part is because they are supported by products that produce high added value. I believe that China's economy will also be helped by various products that have high added value. This includes airplanes, semiconductors, robotics, electric cars, superfast trains, medicines, etc. Furthermore, even though China's population is declining, it does not mean that the total number of young people in China for the next 20 years will not be able to provide sufficient workers needed by various industries there. And also, they will keep spending/consuming. In any country, around 50% of GDP comes from consumption."
Apr,CNBC,"*People don't understand that the prices of things are never going back down. This inflation is deeper than we think. Those buying groceries are well aware that the real inflation is much over 10%. The increments don't match our income, yet certain investors still earn over $365,000 in stocks and assets. Wish I could accomplish that*"
Apr,CNBC,"This year, China's economy is expanding by 5 percent, solidifying its position as the world's second-largest economy. Notably, it's undergoing a significant transition from traditional manufacturing to a focus on high-quality growth. Moreover, factories are increasingly adopting automation technologies, marking a pivotal shift in production methods."
Apr,CNBC,"Why are we worried about the collapse of China's economy. Should we worry more about our $35T debt crisis, homelessness, aging infrastructures, out-of-control crimes, extreme climate changes, border crisis, unaffordability of healthcare and housing, social security insolvency, student debt crisis, gun violence, and many more?"
Apr,CNBC,"Nice job CNBC to provider job to social commentator in China. You have provided tremendous, tremendous, tremendous support to the Chinese Job Market."
Apr,CNBC,"Loyalty to companies has never been a good investment. Go back in history, and you'll see how employees keep failing for the same scam for decades. The rhetoric is always the same: ""X yrs being loyal to this company, and they didn't even think twice when they laid me off."" Stop being shy or fearful about asking for more money or benefits when they need you; bc when they don't, you'll be gone."
Apr,CNBC,"All the while, these companies are seeing higher stocks and profitable quarters. All the work their employees put in to help the company grow only to get laid off after. I’ve been in tech for over seven years and have lost the desire to go back. Now, I work three part time jobs in an industry I love and am starting two new businesses this year."
Apr,CNBC,"Laying off AWS staff is wild considering how brutal cloud computing billing is, most companies run on the cloud, and AWS is a huge part of that market share. That was more obviously for the share price than all the other layoffs..."
Apr,CNBC,"The thing about it is working for the bigger companies will always be a gamble. They pay well so you can work, make your money and if you’re smart you will save/invest while working. Meanwhile the skillset is valuable regardless even if you go work at a start up, create your own company or go work in a different industry utilizing the same skillsets. Your skillsets are transferrable so hone those skills and keep moving forward. Don’t get caught up in the hype of working for the big tech companies. You will find work elsewhere regardless."
Apr,Bloomberg,"This was such an epic adventure! I’m so grateful to the people we met from Colombia to Mexico, and in awe of the talent on the set of 100 Years of Solitude. Are you excited to watch the real thing? I’d love to hear your thoughts on Netflix’s strategy to win Latin America."
Apr,Bloomberg,"I was considering quit Netflix, but now I will wait to watch all those productions. As a Colombian, I have to recognize that they are making a huge effort."
Apr,Bloomberg,"The success of Netflix is ​​that most of its content can be seen in multiple languages, thus breaking the language barrier."
Apr,Bloomberg,"La ventaja que tiene Netflix en nuestra región es que somos países muy parecidos y a pesar de nuestras pequeñas riñas especialmente en redes sociales, nos apoyamos los unos a los otros. El contenido mexicano gusta a un peruano, el colombiano a un panameño, y así con todos. Siempre teniendo en cuenta gustos específicos. Por ejemplo a mí series de el narc0 no me gustan (no me gusta esa temática), pero el resto de series de mi región me gustan mucho."
Apr,Bloomberg,"As a brazilian Netflix consumer I enjoy it, Netflix made in few years more for the brazilian cinema and culture (with Invisible City and Bionics now for example) that Globo and brazilian cinema producers made in decades! Ps. As a suggestion Netflix could streaming the brazilian movie ""Jorge da Capadocia"" about St. George!"
Apr,Bloomberg,Thank you Netflix. Great journalism! And Colombia!!!
Apr,Bloomberg,"The sneaky underreported Netflix strategy is overwhelming ""youngish"" directors will large sums of money to do their magnum opus. Film budgets are way smaller in other countries. Netflix will plunk down 2-3x a healthy film budget and let these directors do a long series. The Squid Game guy got $15-20M to do his series. Dude had been thinking about that series for 10 years. And, the average film budget in Korea is <$5M. Never would have gotten the funding. Plus, Netflix doesn't interfere in the content or direction. They just worry about the budget."
Apr,Bloomberg,Congrats Emily...for you is the best marketing for Netflix! I hope they (Netflix) think the same.
Apr,Bloomberg,"Ready to be cast for projects in Costa Rica!! Please Netflix casting, lets work together"
Apr,Bloomberg,"Excellent idea, I agree with the locals here, Latin America has so much talent, they just need to be guided the correct way, they are humble and hard workers when the motivation is there. I can't wait for the next round of specials, football, baseball, women's beauty, nature, farming, and more and more, everybody wins, keep it up Netflix, I may join in some way or another in the short future."
Apr,Bloomberg,"If Netflix really wants more views, do Central America 🇬🇹🇭🇳🇧🇿🇨🇷🇳🇮🇵🇦🇸🇻. It's always México or Colombia...."
Apr,Bloomberg,"Betting on Argentina is a great choice. The 2000s proved that Argentinian soap operas are very popular. I don't know why they faded off in the 2010s, but there is undoubtedly a ton of potential there, especially with teen shows made by Chris Morena. If I was netflix I would have that woman on a permanent contract just making one series after another."
Apr,Bloomberg,As a Colombian I say to the world… please read the book first! And I really hope Netflix do respect the Majestic power of Cien Años de Soledad.
Apr,Wall Street Journal,"I like how what the interviewed person is saying barely correlates with the graphs shown in the video. I mean, come on, he says persuadables dont care about immigration and care a lot about the economy ,even though immigration is the top issue for like 20% of the people in that group, and the economy is barely 5 percentage points higher."
Apr,Wall Street Journal,Economy focused 3rd group... finally
Apr,Wall Street Journal,"One issue I rarely see addressed is public universities that get vast amounts of federal government dollars refusing admission to Americans while admitting foreigners. I have no issue educating foreigners in our taxpayer-funded public universities but not when they're being admitted in place of extremely qualified American students. I never realized this was an issue until my son and his friends got rejected by pretty much every major public university outside our home state despite them all having about the best credentials you can hope to have - 1500+ SAT, 35+ ACT, 4s and 5s on a dozen AP exams, community leadership with demonstrated effect, nationally competitive in sports, music, drama, etc. Kids with these credentials were almost universally rejected by public universities outside our home state. At best a few got waitlisted. Public universities literally across the United States told these kids they aren't college material, telling them all that they consider ""holistic"" approaches to admissions. Well, whose definition of ""holistic"" includes them? None of the admissions offices answered that question. I'm still in disbelief at this outcome, and I'm not alone."
Apr,Wall Street Journal,Universities should become publicly listed corporations and enter the stock market through IPO and let's see what happens to their balance sheets if they are forced to face market forces.
Apr,Wall Street Journal,The higher education system needs to contract and should be forced to face market forces. There are too many colleges and universities producing too many unviable degrees.
Apr,Wall Street Journal,"Too many students graduate from top universities with crushing debt but without a marketable degree. It’s reassuring to know that these universities are financially prudent. Unfortunately, they often fail to help impulsive 18-year-olds understand that university is not merely a four-year journey of self-discovery; it’s an investment in their future. As the saying goes, ‘If the business model isn’t broken, don’t fix it'"
Apr,Wall Street Journal,"based on shown pie charts, it looks like UC has no endowment at all and relies heavily on revenues from health services. No wonder why Healthcare is so expensive there. Other point: Columbia univ announced massive cuts in researchs and program spendings a few days after federal gov decided funding cuts, we are wondering why they don't use the massive endownment to face those cuts. From the european perspective, it appears that US colleges are largely inefficient."
Apr,Wall Street Journal,"Right now, we stand at a crossroad of possibilities in the market where the boundaries on what we can achieve is not just dictated by the Fed, or the world around us(war, inflation). There's always going to be recession for some people while others amass wealth, think about it."
Apr,Wall Street Journal,"Opinions on the market diverge; some claim overvaluation due to rapid gains, while others cite strong economic fundamentals justifying high valuations. Raises concern for my $600K equities going 8% up and 20% down. Should i hold on or sell off my positions and hold cash?"
Apr,Wall Street Journal,"Wall Street pitched so-called quality stocks with high profitability and low debt, as a kind of insurance against whatever the economy might throw at you. Quality stocks have underperformed the S&P500 this year, My $400k portfolio is down by approximately 20 %, any recommendations to scale up my ROI before retirement will be highly appreciated."
Apr,Wall Street Journal,"The current market/economy is unnecessarily tougher for boomers/senior citizens, I’m used to just buying and holding assets which doesn’t seem applicable to the current rollercoaster market plus inflation is catching up with my portfolio. I’m really worried about survival after retirement."
Apr,Wall Street Journal,"Retirement is now more difficult than it was in the past. I've been saving for a long time instead of investing, and right now I only have about $516k. I'm not sure how to make it grow, considering all the inflation, into something substantial that I might use for retirement. I just here for ideas."
Apr,Wall Street Journal,"Market declines, soaring inflation, a significant increase in interest rates by the Fed, and rising Treasury yields all point to additional losses for portfolios this quarter. How can I profit from the present market turbulence? I'm still debating whether to sell my $125,000 ETF/Growth Stock portfolio."
Apr,Wall Street Journal,"The only American who won't acknowledge this Administration's failed economic policies is Joe Biden. ""Shrink-flation' is the least of our worries compared to rising rents and stagnant wages, but it is an undeniable indicator of how bad our inflation has gotten. I have $100k that i like to invest in a non-retirement account, any advice on that?"
Apr,Wall Street Journal,It's like some stocks are flying under the radar despite their potential. It makes you wonder when the market will catch on to their true value. how can I invest $100K smartly to secure my future?
Apr,Wall Street Journal,"If you analyse it, all his answers only lead to 1 thing, better economy = good for the bank"
Apr,Wall Street Journal,Economic investigator Frank G Melbourne Australia is following this informative content cheers Frank 😊
Apr,Wall Street Journal,"The marketing of thing is always so smart than AI😂😂😂, always to be number one😂😂😂😂😷"
Apr,Wall Street Journal,"In light of the ongoing global economic crisis, it is crucial for everyone to prioritize investing in diverse sources of income that are not reliant on the government. This includes exploring opportunities in stocks, gold, silver, and digital currencies. Despite the challenging economic situation, it remains a favorable time to consider these investments."
Apr,Wall Street Journal,"Our economy struggling with uncertainties, housing issues, foreclosures, global fluctuations, and pandemic aftermath, causing instability. Rising inflation, sluggish growth, and trade disruptions need urgent attention from all sectors to restore stability and stimulate growth."
Apr,Wall Street Journal,"I think I am with Jamie on this. I foresee a recession lasting 2-3 years, and if inflation continues to surge, the Federal Reserve will likely raise interest rates soon. Inflation is causing various issues worldwide, such as food shortages, scarcities of diesel and heating fuel, and significant spikes in housing prices, leading to a potential financial market crash. This global downturn could have long-lasting repercussions. Given the current inflation rate of approximately 9%, my main worry is how to optimize my savings and retirement fund, which has remained stagnant at around $300,000, yielding almost no gains for quite some time."
Apr,Wall Street Journal,2019: investment year for me - $220K in raw profits 2024 alone: $170K so far in profits The constant: Algorithmic trading Doesn’t matter who the president is! Only your strategy matters.
Apr,Wall Street Journal,"The problem is that consumers out in the job market DO have options, but wages have stagnated. In simple words: jobs have increased, but not wages. It is very misleading. Their purchasing power isn’t the same as before. This is rubbish"
Apr,Wall Street Journal,"This same guy said bitcoin was a scam, and he buys millions worth of it. How can anyone trust what he says."
Apr,Wall Street Journal,In 1960 the US economy was far and away the largest the world had ever seen with very little debt. Today it’s barely 25% with Massive Debts and Deficits!!!!!! If my household was like that it would cease to exist!!!!! Nice Ad for JP Morgan Chase!
Apr,Wall Street Journal,I would argue with Jamie Dimon’s opinion about Americans financial health as surging taxes along with insurance costs are crippling most Americans and then we have basic inflation of goods & services that are adding to the pain. When Americans don’t have the finances for basic needs it’s not likely they will have discretionary funds to keep the economy rolling.
May,CNBC,This is a fantastic rundown of the bull macro thesis - thank you! bookmarked 👍
May,CNBC,"The reason no one wants to invest is just history. The largest mining company in copper was originally Anaconda, and in the early 1970's both Chile and Mexico took the mines for free, bankrupting Anaconda. When people see huge companies get destroyed like that, they tend not to put up their money."
May,CNBC,"As much as Zambia 🇿🇲 is the 9th producer of copper in the world, it has the potential to even produce more copper because of small/large scale mines that aren't being utilised because as we all know, Mining is capital intensive and very few people here are able to venture into mining full time so they only hold on to their mining licences and that's it.. But investors are welcome to invest in our country because of stability and peace in our country as well as the government is doing its best to attract investors"
May,CNBC,"The Philippines is the biggest copper producer in Southeast Asia and 15th in the world. I hope my country can develop more. Just last month, an Australian mining company was granted 25 years mining contract in PH to explore and export copper with US$1.5 Billion investment."
May,CNBC,"copper is also in high demand because of the Ukranian war, they are main components for bullets and artilery shells"
May,CNBC,I’m so glad I invested in some copper 4 yrs ago 🎉 👏🏻 very good research 🔬
May,CNBC,Impressive to see the Toyota Tacoma maintaining its top spot in such a competitive market! 🚚 Consistency in meeting customer needs and maintaining a reputation for reliability truly sets it apart.
May,CNBC,"I want a new Trail Hunter. It’s a Toyota so you know it’s reliable. It’s a Tacoma so it has a MASSIVE after market option. It has a history of being the #1 mid size truck , plus it looks cool."
May,CNBC,"I think it's very simple how Tacoma became the bestselling mid-size. In 2005 Dodge dropped the ball and priced the Dakota 50% higher than it should have been. As a result, potential buyers went with the more capable Ram 1500 or moved over to the cheaper Tacoma. Rather than correcting the error, Dodge left the market after its bankruptcy in 2008."
May,CNBC,"The Tacoma has been my desired vehicle for some time, although I do not have one. I already know how Toyota took on America's pickups. It appeals to people like me, who don't really want a pickup. Dudes whose lives would be much easier if they had a truck like, once a month. The newer Tacomas are quite large but for a long time it was the lone occupant in the medium-sized truck market. All trucks now are so big though that they're still mid-sized. And of course, well before the vehicle market went nuts, I also noticed how 20 year old Tacomas were still selling for a lot of money. There were no other used vehicles that were that old with that many miles that were commanding anywhere near that in price. At that point, for me to some extent, whether it has earned the reputation. isirrelevant, the reputation is there and it should expect to command a good price upon sale."
May,CNBC,"Ford certainly didn't do themselves any favors by foolishly taking the Ranger off the market for a decade or so leaving the mid-size truck market... and the other Domestic brands only sort of half-assed their mid-size trucks during that period. Luckily Ford came to their senses and brought the Ranger back a few years ago, but they lost a lot of ground during that period, especially with fleet vehicles and have a long way to be competitive with the Tacoma."
May,CNBC,"Are they really coming back. I looked at the top lines stocks, some have done well in the last year, but others haven't."
May,Bloomberg,"I love the National Guard and as a Mexican we trust in our government, we just have a huge cancer of corruption that little by little needs to be dealt with. When the Nat Guard is near my house, they are very professional and friendly. I wish I could say the same of the now no longer Federal Police."
May,Bloomberg,National guard weapon seizures: 2814 > federal police weapon seizures: 2440 why is the bar significantly smaller on the graph?
May,Bloomberg,The politian thats in this video was in human rights in mexico when the 43 students where killed and he didnt do nothing in his power to help resolve or investigate because one of his party was involved that in the killings
May,Bloomberg,90% of my TV viewing is Chromecast YouTube videos. Then Netflix and a bit of Amazon Prime.
May,Bloomberg,"Lots to unpack with a long history behind it, and lots of broken promises by political gov at national, provincial & local level. 1. Under apartheid, black people were given land in rural SA with most ""white"" people living in cities... where the jobs are. Black SAs have a long history of migrating to cities to earn a living & supporting family back home. Here grandparents raise the grandchildren. 2. While this is starting to change (global urbanisation trends) many Black SAs prefer to live as cheaply as possible as who can afford to purchase & run 2 homes? They also want to send as much money home as possible, and wages are very low in SA. 3. SA has many immigrants from around Africa - they also work in SA to support family at home and very few people can afford to purchase & run 2 homes. 4. When apartheid collapsed, the ANC promised to build all Black SAs a house but this did not materialize for many reasons incl. corruption. 5. Housing is the jurisdiction of national gov who allocate land & conduct social housing projects. Social housing is often of poor quality far from job centres, with few amenities & urban services (essentially little boxes on a hillside far from anything). However I am always amazed that there is always land available for retirement homes for rich people. 6. And yes, apartheid urban planning sought to separate the poor (mostly black) from middle & high income suburbs. But then that is true in many parts of the world (eg red lining in the usa). 5. Housing - as in many parts of the world - is a major issue with fewer & fewer people being able to afford a home of their own. 6. Under apartheid White SA were able to amass generational wealth, but Black SAs are beginning to catch up. However wages & salaries have not kept pace with inflation and many people, even those with jobs, are struggling to find affordable housing (buy or rent). This is a global issue. 7. SA cities are sprawling and public transit is sporadic & doesn't service all areas. SAs that live in suburbs have to own a car to go anywhere (it's also very unsafe to walk or cycle) - this is very expensive, adding pressure to shrinking budgets. 8. Creating compact, integrated, inclusive, safe, sustainable, affordable, gender sensitive, child friendly, resilient, climate ready, beautiful cities requires strategic & purposeful planning, development & management. SA cities are crumbling & decaying, even the rich areas, due to neglect & bad governance. 9. 80 - 90% of people will live in cities by 2050 with the highest rates of urbanisation occurring in developing countries. There are ways to provide social housing while densifying cities, but I don't think our politicians are particularly interested - want to amass power & influence for themselves, families & cronies (as in other parts of the world eg usa, uk etc). 10. Crime & corruption is having a devastating impact on our enviro, economy, socio-cultural systems awa our quality of life - for everybody. But it's usually the poor & vulnerable who are affected first & hardest. The hope was that the new SA gov would create a great SA for ALL SAs, but state capture has set progress back decades. Hope is fading."
May,Wall Street Journal,"Trump in 2015: “If elected, Hillary Clinton will be the most investigated President in history…” …Well, that didn't age very well now, huh."
May,Wall Street Journal,the real question is how are you being prosecuted for a federal crime in a state court With expired State Misdemeanors There is no jurisdiction either case
May,Wall Street Journal,"I went there for the first time a few months ago because they had a code for a free burger. I bought 2 of their regular cheeseburgers and got the special one for free. The regular burgers were on the small size, but they were very good. That being said, there's no way I would spend ~$12 on just a double patty burger. I also ate all 3 and was comfortably full, but not stuffed (I only eat one meal a day and thus eat large meals, but still). I won't be back unless they have another offer. It's just not worth it."
May,Wall Street Journal,Shake shake costing 17 bucks for a buger and cheese fries is ridiculous. No wonder the stock is plumeting
May,Wall Street Journal,"China's main objectives are to continue to grow its economy and improve the life of its citizens. At the same time, China like any country in the world has the right to defend itself against increasing US aggression."
May,Wall Street Journal,"can u imagine if China or some other country out there starts making documentary or netflix series about the mysterious and not much talked about in mainstream media military bases in Japan, south korea, guam,hawaii, qatar, bahrain, spain, guantanamo bay, fort knox, liberty, thule air base and painting them with a sinister overtone and any controversy in the past history and all the military secrets and capabilities that may be fascinating to curious minds.....and their development and expansion.....and their geopolitical purposes and intents....... honestly China needs to start getting into the hollywood propaganda game like these......create award winning documentaries about america's past wars and war crimes, i heard there were over 16 wars since wwii.....just imagine how much juicy material there is...."
May,Wall Street Journal,"In recent times, there has been a noticeable trend of American interventionism, where the pursuit of war and economic interests seem to intertwine. However, China is taking a different approach by extending support to developing nations, aiming to reshape this paradigm. Instead of profiting from conflicts between nations, China is investing in global development."
Jun,CNBC,Social media got to be one of the biggest contributors. People want to look rich and impress people online that can careless about them than to actually be rich by saving and investing
Jun,CNBC,"The rising interest rate can surely control inflation, but won't prevent erosion of the eroding purchasing power of the US dollar. I have learnt my lesson this time. The banks can't be making money off my money, while inflation eats into it. I have set aside 650k to invest in the stock market now, since that keeps up with inflation, but I don't know how to get started."
Jun,CNBC,"I turned 30 this year and in my 20s I was living the highlife. I don't have a lot of debt just 29,000 in Student Loans. But for the next decade, my goal is to be as frugal as possible In all aspects . Especially no vacations, I can't wait to see you what fruits that bear. So happy for the information age🙌🏾"
Jun,CNBC,Every week I buy more of whatever is the lowest percentage of my portfolio and try to keep everything around 10%. Please what could be my safest buys with $400k to outperform the market in 2024?
Jun,CNBC,Are you the Chinese lady that keeps calling me from webull to fund my account?
Jun,CNBC,its called market manipulation
Jun,CNBC,Near should make great gains the next few months. Near is at the forefront of Ai and crypto.
Jun,CNBC,Near is the top Ai blockchain and will be a top 5 coin this crypto cycle. Easy 10X from here.
Jun,CNBC,Seriously Bullish on Near.
Jun,CNBC,He should’ve focused on AI rather than crypto. A huge missed opportunity
Jun,CNBC,“how do i fix that water leak? let me go on netflix.” said no one ever!
Jun,CNBC,Even Netflix has a YouTube channel 😂😂😂
Jun,CNBC,YouTube> Netflix
Jun,CNBC,"YouTube does what the other major platforms don't... They invite everyone to create content. YouTube now has creators producing content that is just as high in production value as traditional media. The only people surprised by this are people who never explored YouTube, regardless of generation... My step-dad, who's a ""Boomer,"" loves YouTube! YouTube has substance, quality, and personality. Netflix lacks personality. Disney+ doesn't have tech reviews. Hulu lacks skippable ads. Paramount Plus has limited content. HBO doesn't have enough compelling shows to justify paying all year. YouTube Premium is the only service I'm happy to pay for separately from a cellular bundle, because YouTube Premium just makes my favorite platform even better by removing ads and throwing in YouTube Music Premium as a bonus."
Jun,CNBC,When I’m on Netflix sometimes I get sad that there’s no comments on the videos 😂
Jun,CNBC,"I am increasingly spending 3-4 hours a day on YT- listening to Podcasts and Music. If Movie catalog is improved, Netflix will be history."
Jun,CNBC,"I think the youtube will always have an edge over other streaming services as youtube is not only for entertainment its also for education, as a life long self learner myself thats the value youtube provides me over other streaming services. I cannot go on netflix and search how to solve a rubiks cube or learn about calculus on other streaming services. Youtube being such a versatile service always will keep it ahead of its peers. But at the same time I think comparing youtube to other services is kind of apple and oranges comparisions in terms of viewing number and other metrics...."
Jun,CNBC,"I easily spend more time on YouTube every day than anywhere else. At night I'll binge some show on Hulu, Netflix etc but during the day it's nonstop YouTube for me. Paying for premium access is a no-brainer. I get most of my news from YT!"
Jun,Bloomberg,"As a guy living in Shenzhen I just trying to figure out why your videoclip from 9:10 intentionally make the brightness of light down to a grey level from maybe 245/255 to nearly 128/255. you think this funny? This supermarket is one of three Sam's club store in Shenzhen, the store is owned by American, so even if you want to depict CHina as horrible place, you should not choose an American supermarket right? Ridiculous."
Jun,Bloomberg,Commendable to Mr Kim Jong Ill... refuse to be bullied by any power
Jun,Bloomberg,"Leave it to the U.S. (the only country to have ever used nuclear weapons against another country, and against a civilian population no less) to fearmonger over North Korea's nuclear weapon stockpile"
Jun,Bloomberg,"When your economy is full of consultants and not manufacturers, how do you expect the economy to perform?"
Jun,Bloomberg,"That 99% of people had no idea what they were doing is demonstrated by the recent market catastrophe. With stocks, options, NFTs, and other financial instruments, anyone bought everything, made money, and overnight became experts. In any market, nothing is 100% certain; the only variable you have control over is your risk."
Jun,Bloomberg,That 280 billion pounds went directly towards Tesco and British Gas annoucing record earnings one year later...
Jun,Bloomberg,Since Thatcher the UK has decided that they can be an only service economy. They also bend over backwards for insanely wealthy people. Turns out that doesn't work.
Jun,Bloomberg,"The UK economy cannot survive without continuous credit and debt creation. The FED will print more money and the average American will go just that much further in debt. Meanwhile, foreigners lust for the greenback. Their economies are in worse condition than the US... if that's even possible. Someone is going to be left holding the bag..."
Jun,Bloomberg,"If the UK does invest heavily in certain industries, I highly suspect that money is just going to over paid managers"
Jun,Bloomberg,"Our country went wrong electing rich person after rich person to run our country and care about our economy, not just their rich friends!"
Jun,Bloomberg,"I can't say that anything in the video was wrong, BUT It entirely fails to mention the Elefant in the room. An economy that consists of 71% Services doesn't depend on energy and england always had plenty of bonus bankers, ckarks and servicemen. It's britains entire business model that collapsed in the financial crises, never really recovered, and now has mostly gone. (together with the oligarchs)"
Jun,Bloomberg,"Some economists have projected that both the U.S. and parts of Europe could slip into a recession for a portion of 2023. A global recession, defined as a contraction in annual global per capita income, is more rare because China and emerging markets often grow faster than more developed economies. Essentially the world economy is considered to be in recession if economic growth falls behind population growth."
Jun,Bloomberg,"If a million workers are missing from the UK economy, why can't I find a job for 8 months?"
Jun,Bloomberg,An economy with 65 million people but no manufacturing industry will not function. The end.
Jun,Bloomberg,"How much money gets siphoned off into private pockets at the top, never to be recycled back into the economy at the bottom?"
Jun,Bloomberg,"Essentially, a country voted to impose economic sanctions on themselves, then a few years later we are wondering ""Why the UK's Economy Stopped Working""?"
Jun,Bloomberg,Trickle down economy that didn't trickle.
Jun,Bloomberg,"Let’s not forget that one of the biggest problems is the recirculation of wealth. The corporate system simply isn’t paying its workforce enough. There isn’t incentive for people to go to work, and for the vast majority of those that do, they don’t have enough disposable income to put back into the economy. And with so many industries looking to make staff cuts, this problem will only become more explosive, especially with the onslaught of AI replacements."
Jun,Bloomberg,"The only distinctly UK thing about the slowdown, as opposed to global macro, is that British industry had largely configured its structure and practices for optimal single market participation, and modifications have been costly, slow and often half hearted"
Jun,Bloomberg,"Austerity means a lack of investment, a lack of investment sees a lack of growth, a lack of growth means the economy stops working."
Jun,Bloomberg,"I remember in early 2000s when I was still living in the UK, people were losing jobs because companies moved their manufacturing jobs to China for cheap labor. 20 years later that backfired and affected the UK economy today."
Jun,Bloomberg,Might be time to abolish all those tax havens so that maybe some actual money might go back into the UK's economy
Jun,Bloomberg,imagine spending the cost to develop 2 new planes from scratch purely to buyback your own stock and then wondering why you're not able to compete anymore on technology
Jun,Bloomberg,"MBAs destroyed a lot of companies by not listening to engineers, customers or anyone else who knows more than numbers and stock prices!!"
Jun,Bloomberg,"Prop up Embraer, Work towards certifying Comac in western markets. Bring in Competition. This duopoly has made Boeing complacent"
Jun,Bloomberg,"Brazilians, it’s time to take over. Go Embraer take the Boeing Market."
Jun,Bloomberg,"Put Embraer into the market and incentive competition; no offense guys, but we (Brazilians) invented the airplanes and we are great at making them."
Jun,Bloomberg,"Market capitalization of Boeing (BA) Market cap: $111.91 Billion As of July 2024 Boeing has a market cap of $111.91 Billion. This makes Boeing the world's 139th most valuable company by market cap according to our data. The market capitalization, commonly called market cap, is the total market value of a publicly traded company's outstanding shares and is commonly used to measure how much a company is worth."
Jun,Wall Street Journal,"Get this guy a nap, a Red Bull a new hip and a blood transfusion"
Jun,Wall Street Journal,Airbus sheds $12 billion in market value after slashing guidance: https://on.wsj.com/3VZqogP
Jun,Wall Street Journal,"Omg, he's the guy from Air Crash Investigations. Basically my childhood right there for some reason"
Jun,Wall Street Journal,"watched aircrash investigations since I was young, but now that i'm a student pilot, it hits differently"
Jun,Wall Street Journal,John Cox is a legendary aviation investigator who has pinpointed and dissected a handful of crashes for decades. Pilots these days seem to be more tardy and reliant on fallible computers to fly which sometimes puts an aircraft in danger of crashing.
Jun,Wall Street Journal,The Legend from Air Crash Investigation
Jun,Wall Street Journal,Poor people don’t buy electric cars or solar panels. How do you figure they are bearing the brunt of taxes on these Chinese imports?
Jun,Wall Street Journal,Whatever happen to free market and capitalism huh America?
Jun,Wall Street Journal,"Why place in tariffs when the prices will fall into the hands of American consumers? Let’s face it, manufacturing will never come back to the US like it did before, but this was inevitable. What we would be better off doing is, instead of putting so many tariffs on Chinese goods, we should be investing in multiple other countries to develop an infrastructure and manufacturing base like China’s that can compete with Chinese manufacturing, such as India, Vietnam, and Indonesia. Tariffs should be applied much more selectively, especially when it comes to defense and infrastructure, and should be paired with domestic subsidies to encourage some of these jobs to come back to the US."
Jun,Wall Street Journal,"I feel like the US has been using the word ""subsidies"" super liberally when it comes to China. In the US, it's ok for state governments to offer huge tax cuts to lure companies in. But when China builds a highway to a poorer region to open up investment opportunities, the US would call it an ""unfair advantage""."
Jun,Wall Street Journal,"When a country becomes a developed economy it relies on services to grow its GDP which for US has been the way. Manufacturing from US is gone even China is pushing its manufacturing out of China this had happened since 2014 through stricts environmental laws, factories that moved out were makers of Jeans, lows end shoes even NIKE. China want to grow on high tech industries but for service industry it cannot compete with US, no matter how developed China becomes. I was happy to see the old relationship where US gets the good things and China gets paid in USD (toilet paper) then China uses that USD to buy government debt T bonds, which US governments uses to fight wars and builds its defense industries, China asks it best countries to list in US stocks thereby fueling the need for USD as an investment currency. Everything was working well. Now that US wants to be an enemy of China I wonder who will foot those huge debt bills of US? There is not other country in the world large enough to do so."
Jun,Wall Street Journal,I thought a few days ago that Chinese economy is collapsing and now this😭😭😭
Jun,Wall Street Journal,Tariffs should be the alternative to the federal income tax. Repeal the Sixteenth Amendment.
Jul,CNBC,"They should all retire at 70, if they want to continue advisory roles are a thing. How do you expect a 80 year old to understand the problems of the 30-45 year olds that run the economy?"
Jul,CNBC,"Across the whole economy, Boomers and Silents have been clinging to their jobs instead of retiring like their predecessors did. They like being in charge and don't want to let go. In politics, there are some other problems. Incumbents do better than new candidates, so parties run the same people over and over again until they decide to retire. Parties also discourage primarying sitting politicians, so you often don't have an opportunity to vote them out. Then there are only 2 viable parties, so you can't vote for the other side to get your old politician out because that would be worse than having an old politician."
Jul,CNBC,"This is why so many people are investing in home solar and battery backup systems and using the grid as a backup! Every year my energy bill goes up yet I use less energy, buy energy star rated appliances an run my home ac less despite record temperatures every year. Now that I have solar on my roof and multiple storage batteries in my garage I no longer rely on the grid and only use it as a backup."
Jul,CNBC,"Between bitcoin, EVs, and AI data centers: we absolutely do not have enough power for the future."
Jul,CNBC,"They reported a similar issue back in the day of Bitcoin mining. Oh wait, that's an existing issue."
Jul,CNBC,Definitely a wider adoption of nuclear energy and investing on nuclear fusion will help feed those data centers more efficiently having such technology comes at a high cost.
Jul,CNBC,I dont understand why these companies cant invest the money on their own power which will make them profit. Why do regular people have to pay for that?
Jul,CNBC,Most people are not aware that AI applications require data centers and high energy. Companies investing in AI are likely to face more energy and grid problems.
Jul,CNBC,It's time to innovate and invest in the power grid.
Jul,CNBC,"Very glad to see the true costs of data storage technologies associated with the cloud and AI being shared with the general public. Exponentially growing demand upon finite water resources will have permanent impacts in areas where data storage centers are built. We may not be able to stop demand for more data capacity, but better technologies will only be invested in if there is enough pressure from the public."
Jul,CNBC,"Bitcoin, currently a promising investment for the future, and with its recent surge in value and growing stability, offers attractive returns. However, a lack of understanding often deters potential investors."
Jul,CNBC,"So you mad because only China interested to actually invest in Indonesia for it Nickels, while the US and Europe only want the raw materials not the Investment?"
Jul,CNBC,"What a well paid propaganda by the west. I’m Indonesian and have met with so many local people that lives in the surrounding area of this nickel mining, smelter or factories and most of them are happy with the Chinese investment and the jobs they created."
Jul,CNBC,The West had the same chance to invest in Indonesia. They chose economic colonialism instead with WTO. Indonesia will not fall for that again.
Jul,CNBC,"Why mainstream media never investigates if the crude oil drilled by Exxon, BP & Shell is ethically sourced?"
Jul,CNBC,"Indonesia : I want you Guys to take part in building our nickel industry China : Okay I will invest huge $$$ to build processing plants. European Union : Nope!!! We don't wanna take part. You have to export your nickel ore in raw form. If you do not comply, we will bring this case to WTO. Indonesia : Whatever, EU .... I don't give a F. Okay China, I welcome you to join in. EU : ""China took over Indo nickel industry"" Indonesia : Hypocrisy runs so heavily in your blood, doesn't it? Not even a century has passed, and you already try to colonize me AGAIN?"
Jul,CNBC,"Back then the Indonesian Government invited the world to invest in the smelting/refining industry in Indonesia. But only China and S Korean companies responded... Today the west are on the bitter side. wkwkwk.... Not only Nickel, Indonesia also big on Manganese, Cobalt, Copper, and Tin... and coal."
Jul,CNBC,"When western lose their market, they always looking the dark side their opponent. Same with palm oil black campaign causing deforestation, while they never mention their vegetable oil industries even worse than palm oil. When western have advantage from indonesia nickel ore, they keep silent. But when indonesia ban nickel ore, suddenly they talking environment. When western talking about clean nickel. Indonesia ask them to come to indonesia to invest and make clean nickel here. Please tell us how to make clean nickel. But what happen? No,,, they would not come. Indonesia never planning to make china dominant here in nickel smelter industries. The problem is western don't want come here. They, the western is looser who just keep yelling when they are loose their money in international competition. CNBC should mention this. Western nickel mining and processing is out of date a decade, compare to chinese. That is why they always looking the dark side. NO ONE OF MINING I THIS ENTIRE WORLD IS ENVIRONMENTAL FRIENDLY, EVEN IN WESTERN COUNTRIES."
Jul,CNBC,"So sad watching this on CNBC The truth is Indonesia open for investment for every country, tbh Indonesia desperate for it (investment for together handling nickel). China so fast dip in to it, with Indonesia agreement & rules, but western want other ways. Now their crying cause China dominating Indonesia Nickle. . . 😮 Another example, Indonesia government come to the point looks like salesman (I'm seriously) even president & ministry meet Elon Musk begging for their Investment in Indonesia. But Elon Musk chose to not (strangely) And now their complaining China dominating Indonesia nickle 😮 & now they banging Indonesia, with classic environment propaganda. It's all about regional power. Cause world predict nickel is future, and it can bring Indonesia to be as strong as oil producer countries."
Jul,CNBC,"Sulawesi and eastern part of Indonesia now is one of the highest GDP increased in the region. CNBC is unfairly interviewing people who only don't want to change their life to a better one... In fact, the government had encouraged Tesla to come earlier before the Chinese, look what happened now to see Chinese EV surpasses Tesla dominance in the world market. First Come First Serve dude..😂"
Jul,CNBC,Nothing's preventing western companies to build sustsinable and environmentally friendly nickel processing plant in Indonesia. It's only China who's willing to invest 🤔
Jul,CNBC,"This happened because western countries did not want to comply with the terms of Indonesian nickel cooperation😂 Most of the Indonesian resources is taken out of the country, and the profits for the country itself are smaller. This is detrimental to their country and only benefits other countries. This is why the Indonesian government made terms that investor who want nickel from Indonesia, create their companies there. This could open up job vacancies and advance Indonesia's economy and technology. Luckily, China is willing to comply with these terms and western countries only blame Indonesia for this Also, sorry for my english, im still learning"
Jul,CNBC,Americans complaining about China dominating markets 😂😂😂😂 One rule for US and one rule for the rest of the world 😂😂😂
Jul,CNBC,Indonesia the Saudi Arabia of nickel.Nickel is becoming the new oil for electric cars.China agreed to build smelters in Indonesia while the US refuses to do it fearing making Indonesia a new economic power that will challenge the US.This is the real reason the US is reluctant to invest in Indonesia.But the US will gladly sell Indonesia second hand weapons that the US is phasing out at rediculous price and claim its good weapons 😂
Jul,CNBC,Indonesia creating downstream policy for mineral ores EU & US: challenging and trying to crush this policy China and other asian countries: Investing in Indonesia to build smelter That's how indonesian mining industry have closer ties with china and other asian countries
Jul,CNBC,"Only looking from one side so that they suspect one party. Indonesia wants its nickel industry to have added value. It is not only Europe and America that can advance their industries. Europe and America have been invited to invest in Indonesia's nickel industry. Now the companies that will and have invested are China, Korea, Japan, Canada and France. You're just accusing."
Jul,CNBC,Paris was already spending a fortune improving its transportation infrastructure when they won the bid anyway. Reason: Paris is heavily investing in improving Paris Metro and RER regional rail and building out a tram system to reduce the city's over-dependence on automobiles (a problem that existed in the city even _before_ World War II!). That plus plentiful existing facilities meant the costs was low.
Jul,CNBC,"Looks like the 2028 LA Summer Olympics will take advantage of the plentiful existing sports venues within the county. Hopefully, we'll actually make money hosting the Olympics as we did in 1984. Plus we have the local population to take advantage of much of the infrastructure investments post Olympics."
Jul,Bloomberg,"It will fail because the focus is on investors, not the sport"
Jul,Bloomberg,"Also just saw the end of the video. If you think that womens soccer would have done better without the male brands supporting them you are sorely mistaken. There would not have been anything close to what we see today without this investment and infrastructure from the men's side. The truth is that women dont buy, support or play enough to maintain a team at the level that women like Jessica would want in theory. The US is a very rear exception and even still the most valuable NWSL team is worth less than half of what the least valuable MLS team is worth."
Jul,Bloomberg,My high school team can easily beat this teams. who the F is watching this. just hyped by investors like bitcoin
Jul,Wall Street Journal,Watch the full Tesla autopilot video investigation here: https://on.wsj.com/4dhfcm1
Jul,Wall Street Journal,"2:54 ""we can see a constant stream of information from the Tesla's radar"" 🤣, tells u all u need to know about this ""investigation""."
Jul,Wall Street Journal,"Watching the video, I can understand why the car crashed, it was very hard to see in those lighting conditions. One would think that you can't rely solely on video cameras to have safe autonomous driving, but Tesla's CEO convinced himself, his employee's, investors, and customers that all you need are cameras since that how humans see..."
Aug,CNBC,Don’t build homes around me don’t build data centers around me don’t build factories around me… hay why isn’t my local economy growing 😂
Aug,CNBC,"Warren Buffett once said to treat investing in securities like real estate—you don't constantly check for gains. So, the recent bitcoin price drop doesn't bother me. I keep dollar-cost averaging and adding to my position, and I'm up 200% year-to-date because of this strategy."
Aug,CNBC,"I feel investors should be focusing on under-the-radar stocks, and considering the current rollercoaster nature of the stock market, Because 35% of my $270k portfolio comprises of plummeting stocks which were once revered and i don't know where to go here out of devastation."
Aug,CNBC,"I think it's time to make it more appealing for potential buyers. Real estate can be quite the rollercoaster! the stress and uncertainty are getting to me. I think I'll cut rents to attract potential buyers and exit the market, but I'm at a crossroads if to allocate the entire $680k liquidity value to my stock portfolio."
Aug,CNBC,specswriter AI fixes this. Data centers: hot real estate investments.
Aug,CNBC,"I am at the beginning of my ""investment journey"", planning to put 85K into dividend stocks so that I will be making up to 30% per year in dividend returns. Any advice?"
Aug,CNBC,"1. Dominion being the only power provider in NoVA is a problem, get the DOJ involved and break them up. 2. Data Center need to be built away from residential area, but when building them seek to build downward, they look like giant block monoliths and not appealing. 3. Over time ARM chipsets/CPU will run these Data Centers, and Nvidia/Intel will need it invest in ARM designs for small and power efficient processor to drastically reduce power consumption cost. 4. AI will run these Data Centers efficiently, so these Data Center center don’t news are create jobs, so again no need for these blocks of concrete to be near residential areas. 5. These Data Center companies should consider utilizing nearby mining holes to build their Data Center on. 6. These are my 5 cents."
Aug,CNBC,People who fight data centers are the same ones sitting at home “working” all day. Same ones streaming Netflix all day. The growth rate of these facilities is absolutely exponential and providing all the tax funding for Loudoun county.
Aug,CNBC,"I'm hoping there will be a housing crisis so I can buy cheaply when I sell a few houses in 2025. As a backup plan, I've been thinking about purchasing stocks. What advice do you have for choosing the best buying time? On the one hand, I continue to read and see trading earnings of over $500k each week. On the other side, I keep hearing that the market is out of control and experiencing a dead cat bounce. Why does this happen?"
Aug,CNBC,"Data centers are definitely hot right now, but it's interesting to see the rising opposition to their development in certain areas. The focus on proximity to power grids highlights a major constraint, and the growing pushback from communities shows there's more to consider than just the financial upside. This makes me think about alternative real estate opportunities that offer both stability and growth without environmental or social backlash. Take, for example, investing in Turkish real estate. Turkey offers a unique blend of booming markets, strategic location, and affordable entry points. With initiatives like the Turkish Citizenship by Investment program, real estate there offers not just high ROI but also a fast track to global mobility. Plus, you're investing in assets that enhance community development rather than face opposition. Perhaps it's time to explore opportunities that balance financial growth with positive community impact?"
Aug,CNBC,"I've been an investor in Apple because I strongly believe in the company. I've always believed in the stock, but now I don't know whether to re-distribute my portfolio and put some money in Nvidia. especially now that we are experiencing a market correction.."
Aug,CNBC,AI in investment is now a fun flash game changer for future endurance in tech and droid curses.
Aug,CNBC,"The definition of a monopoly is bound by pricing. Not market power or market share. The question on which all probes rely is, ""does this lead to increased cost for consumers?"". And since they don't, the govt. will probably lose in court."
Aug,CNBC,Let the market sort itself out
Aug,CNBC,Alphabet is the investor not just and investor but investor ownership and co-founder of AI original Tech conglomerate companies worldwide regulated investment ownership companies
Aug,CNBC,"Are any AI companies actually profitable? Don’t they lose millions of dollars per cycle? Their’s rumors that Open AI (the company that started this hype train) is reportedly 5 BILLION dollars in debt and headed towards bankruptcy in a year. How are these companies staying afloat, and considering the cost needed to simply maintain let alone train these models; how are companies ever going to get the average consumer to care about generative AI and make profits? It feels like their racing to a future that the majority of the working world doesn’t care about, doesn’t know about, and aren’t ready for. This seems like it will lead to an eventual collapse like Bitcoin and NFT’s. You can’t push change onto people."
Aug,CNBC,They been giving him crypto
Aug,CNBC,"Let’s ban fracking, wait no let’s not, wait let’s ban fracking, wait let’s not. We know exactly what the purpose of this story is and it isn’t because of Bitcoin😂"
Aug,CNBC,Destroy bitcoin buy back cheap 😂
Aug,CNBC,"I knew bitcoin was a scam and now that donny boy is all in on bitcoin I can confirm %10,000 that it is indeed a scam 😂"
Aug,CNBC,"If China is into bitcoin and crypto, America too ought to be into it. It just need a little more regulation. Trump 2024 all the way 🙌🏽🙌🏽"
Aug,CNBC,Listen to what Trump says about crypto and it’s obvious he knows nothing about it.
Aug,CNBC,.... and yet he still doesn't understand bitcoin!!! 🫤
Aug,CNBC,"Shows that they could have done these deals the whole time, but took advantage of market conditions after covid to ""supercharge"" profits. This is why anti price gouging legislation is crucial. The second their data sees consumers pulling back on spending, they adjust their prices to give their customers a ""deal"". But actually they're just taking slightly less advantage to ensure their performance matches investor expectations. Businesses will always maximize profits, which is expected. But during unprecedented global events, taking maximum advantage of your customers should leave a bad taste in anyone's mouth, no pun intended."
Aug,CNBC,In-n-out has always paid well and also able to keep prices low. Stay out of the stock market and chase profits x QT.
Aug,CNBC,"Yeah, not only did price, deals and such go up. Quality went down, kitchens understaffed when Ubereats and other apps did partner deals with Wingstop. Mom and pop wing spots, that may or may not be around or near you are way better. Country or hood catfish, chicken spots are way better and consistent. In short, Wingstop fell off. Shareholders and PE firms love it though."
Aug,CNBC,"And we know restaurant quality only improves when Wall St gets involved. We all know investor's motto, ""quality over profits""... 4:05 is what it's all about."
Aug,CNBC,Looks like a great stock to SHORT.
Aug,CNBC,"Is the stock market actually getting better or is this the regular end of year market manipulation to entice new investors, I'm currently sitting on an inheritance of 300k and i'm wondering do I invest in stocks or Gold?"
Aug,CNBC,I will own one when my investments hit. Love the lemon pepper tenders and cheese fries !
Aug,Bloomberg,Great summary of why NVIDIA is so up and down in the market these days.
Aug,Bloomberg,Paid 2K for a 3090 in the crypto frenzy
Aug,Bloomberg,"Nvidia is a major tech company with a market capitalization that has surpassed $1-4 trillion, making it one of the most valuable companies globally. The U.S. government and other institutions may invest significantly in Nvidia, but this doesn’t imply direct ownership or control over the company’s finances. Nvidia’s cutting-edge technology is often restricted from sale to certain countries due to security concerns, with the most advanced technologies being reserved for specialized applications. For the public, Nvidia provides high-performance GPUs like the RTX 4090, though the very latest technologies are typically not available for general consumer purchase. Bet CIA, NSA, Department of Defense have super super super advance graphics cards."
Aug,Bloomberg,"I counter point not mentioned in this video is that people are increasingly playing older games for longer. People are still paying Skyrim and World of Warcraft and a bazillon other games that came out originally in the 2000s and early 2010s. I think after a certain point there are diminishing returns to 3D graphics. Given people have only a finite amount of time, and populations in developed markets aren't growing much anymore, one would expect this trend to increasing eat in to demand for next-gen games and new game sales."
Aug,Bloomberg,"It’s not just about the hardware that’s driving machine learning, it’s the software tools developed by Nvidia and all the open source software that supports it. Nvidia cornered the market but building Cuda, and with so much machine learning reliant on and written for Cuda, no one has a hope of catching up. AMD could come out with the best hardware tomorrow, but being unable to utilise Cuda, it’ll never take off. Now, if they could just write a reliable Linux driver….. 😂"
Aug,Bloomberg,Nvidia founder sold his stock before announcement of August earnings and made a killing. It is also possible that sales are artificially boosted by insiders of the company .
Aug,Bloomberg,Carry traders in Iceland lost everything in 2008 crash. They borrowed from Japan and invested in ICeland. and then Iceland crashed famously and these investors lost everything............ moral of the story. This investement is far from safe.
Aug,Bloomberg,"This video overlooks one important point. Due to the ongoing inflation in recent years, the prices of essential goods (mainly food) have been soaring in Japan, making life difficult. The Bank of Japan is responsible for the stability of domestic prices, not for the stability of investors' wallets. [Edit] It goes without saying, but the fact that inflation is worse in other countries does not negate the hardships caused by inflation in Japan. The Engel coefficient in Japan has reached its highest level in 42 years, leaving no doubt that the lives of the people are becoming increasingly difficult."
Aug,Bloomberg,"It was just a matter of time that they would raise the interest rate again. Anyone who thought otherwise clearly doesn't understand Japan's economic situation. And of course it would shake the markets, Japan is the fourth largest economy."
Aug,Bloomberg,Using credit cards for investments is wild to me.
Aug,Bloomberg,Fear and uncertainty create major wealth. It's those who take the risk and have strong gut to endure the bloody days. When i notice extreme dips i tend to actually move more money to crypto
Aug,Bloomberg,Speculation is not investment
Aug,Bloomberg,"So interest rates have been low in Japan because of a slugging economy, doesn't that admit that the government is in full control of interest rates? Because i don't think the market would keep interest rates low when japans debt to gdp ratio is over 250%"
Aug,Bloomberg,Stock markets need to end. Pointless waste of resources.
Aug,Bloomberg,"mainland chinese ""investments"" absoolutely ruined my country's beautiful Sihanoukville beach province with a skyline of empty unfinished casinos and money laundering crime"
Aug,Bloomberg,Everytime the US controls Afghanistan the drug market moves there. When the Taliban has control the drug market goes back to South East Asia.
Aug,Bloomberg,"I just can’t believe there’s that many people who won’t at least casually look up probability and statistics to convince themselves that they have no chance of ever winning consistently in the long run. And then when you realize that the companies they’re giving money to provide absolutely nothing to them in return, but rather just create ever more devious ways to fleece them of their earnings, it just becomes downright sad and twisted. Our culture just keeps finding ways to sink lower and lower. If you wanna gamble, gamble, but it should be done how it’s always been done: quietly and discreetly, or in designated venues, to minimize its destructive and pervasive influence. Our culture should absolutely not be hi-fiving sharks and bookies in the spotlight like this for all the world to see; it’s despicable."
Aug,Bloomberg,The question is “who’s regulating this industry?” The answer is NOBODY! Much like Wall Street and trading has the SEC sports wagering needs an agency to regulate and investigate the sports betting industry. Because when it comes to money there is no fairness or honesty. Ever. I’m on the Knicks +8.5 today 😎
Aug,Bloomberg,"Super interesting topic. Personally I did quite a bit of sports betting when I was a teen through esports. Counterstrike had and still has a whole market of virtual skins which can be gambled, and allowed for kids to access gambling readily. Ever since I haven’t touched betting, it was quite addictive so I’m glad I learned my lesson when I didn’t have much money 🤣"
Aug,Bloomberg,"A Decade???? Lady, the Argentine Economy has been a basket case for *MANY DECADE!!!*"
Aug,Bloomberg,"why did this video seem to conclude that ""whether he gets reelected"" determines if it paid off? that's NOT the measure, the video didnt mention any real details about how the economy is doing or what teh signs of it improving would be"
Aug,Bloomberg,"Milei: fixing the economy is going to require some pain before it gets better, we know this ahead of time *Pain happens Everyone: <very surprised>"
Aug,Bloomberg,"Jesus, it takes years to fix a economy. Give him some time."
Aug,Bloomberg,"The ""Radical Plan"" of government spending within its means?!? Sounds like common sense to me. Some stats for those who want to deliberate facts not politics... right now the US federal government is ~25% of GDP. 100 years ago it was 6-8% of GDP. Government is currently ~4x bigger and growing. Is there actually any value to it? Also, during the time that government was 6% of GDP, the USA went from being a small economic backwater in the mid 19th century to being the most economically successful nation in history by the early 20th century. After FDR's radical expansion of the role of government, it has been declining as a share of global GDP since the 1950's. Now, correlation doesn't equal causality, but somehow the USA became the most successful nation on earth with a government 1/4 the size of today. So, my question again is.... is there actually any value to it? I'm fascinated to see what happens in Argentina. Couldn't be much worse than the last 50 years which slowly destroyed an economy which had a top 10 global GDP Per Capita. Now, again correlation doesn't equal causality, but Argentina's historical economic success started unravelling around the same time excessive government spending started in the 1970's. Now, 8 months is such a short space of time to evaluate outcomes. My view is that within the next 5 years Argentina will be on a much better track to offer prosperity to its people and economic success, if they stay the course. I suspect the world is about to re-learn a lesson about the benefits of a smaller, more efficient government. Yes, this will come with more personal responsibility, but what more can anyone ask for but to have the freedom to stand on their own two feet?"
Aug,Bloomberg,"Milei's work will give pain for a short term, but this will make foreign companies invest again in argentina with proper price not that discounted like before. Hope for success of argentina from south korea now dealing with martial law."
Aug,Bloomberg,"It is crucial to recognize the distinction between theoretical economists and those with practical experience in managing a country's economy. While many economists gain recognition for their theories, models, or writings, this acclaim does not necessarily translate into effective policy implementation. The new president of Argentina may be considered a ""great economist"" due to their academic credentials and theoretical contributions, but the complexities of the economy require more than just theoretical knowledge. Effective economic management demands practical experience, adaptability to unforeseen challenges, and a comprehensive understanding of the local context. Furthermore, significant economic reforms often require more than one administration to implement effectively, especially in a country like Argentina, which has faced chronic economic issues. While a president can initiate change, the true impact of their policies depends on broader systemic factors, institutional support, and public buy-in. This highlights the gap that often exists between economic theory and real-world application, particularly in the political sphere."
Aug,Bloomberg,"Economically, eight months is nothing. An economy is a complex system. It will be years before the effects are known."
Aug,Bloomberg,Once people see how expensive the electricity and other services are they won't use them like an open faucet. Hopefully the most destitute are being taken care of during the transition towards a sustainable economy.
Aug,Wall Street Journal,USD$50.000 is considered a cheap bullet? Man...the defense industry is so far from normal life. In Argentina you can buy a Toyota Hilux 4X4 2024 with that money
Aug,Wall Street Journal,TIL: Inconvenience is good for the economy
Sep,CNBC,"The economy is grappling with uncertainties, global fluctuations, and pandemic aftermath, causing instability. Rising inflation, sluggish growth, and trade disruptions need urgent attention from all sectors to restore stability and stimulate growth."
Sep,CNBC,"A major factor behind these massive layoffs is the greed of CEOs and investors. For example, Google (and YouTube) experienced sales growth from the pandemic until now, but they still laid off employees to increase profits by cutting costs."
Sep,CNBC,"This last week I heard about a Sr Director let go with a good severance package. This Sr Director person had an engineering degree from a reputed university and an MBA as well. A steady growth was this persons characteristic. And was a mentor to a bunch of people. Guess what, last week the person was gone…sorry for all caps.. IT DOESNT MATTER A BIT OF WHO YOU ARE AND THE DEGREE YOU HOLD, ALL THAT MATTERS IS THE COMPANY’s QUARTERLY PERFORMANCE. Focus on yourself and your health.. that’s your investment"
Sep,CNBC,"I really hate the narrative that because unemployment is so low things are good. I lost my job in a tech company and I'm technically not unemployed now, but would consider myself ""under-employed"" as I'm working at a local coffee shop and can't get another job after 100s of applications anywhere else. Amazing advice in this video too, ""Find your own job!"" Wow! I didn't even think to try that! I also think a lot of tech workers who were laid off can't even apply for unemployment because of the serverance payments and thus aren't being counted in some of these numbers. It makes me so angry that stocks for these companies are rising and CEOs are getting even richer when it feels like the hunger games out here for even one job with barely a living wage. I think discussions like this miss the entire point. It didn't even technically answer the question of where the people being laid off are going... It's not like we're all going into AI and moving to Canada..."
Sep,CNBC,We really need to extend empathy to those who are struggling. There's so many who just insult them. It's a difficult job market.
Sep,CNBC,Replacing human workers with AI just stagnates the economy even worse. That's less people earning and spending money which stimulates economic growth. If less Americans are working and spending money then it's just going to freeze the economy up. Corporations will be replacing workers with AI for no reason once they realize none of their consumers have money to buy their products anymore lol. Not a very bright marketing/advertising approach.
Sep,CNBC,"I’m a 63 year old software developer and cloud engineer and was told that one person from my team would be laid off at the end of this month. When i started at this job five years ago, there were 11 of us. Now there’s 3. They said one would be gone this month and the other 2 will likely be laid off in March 2025. This all started with a change in executive leadership a few months ago. I’ve been laid off through no fault of my own five times since 2001. It really got much harder to find a new job after 50 so i can only imagine what I’ll face trying to find a job. Economy is in the toilet. My son is a project manager for a Home improvement company in a very wealthy area and he’s worried about his job because business has basically dried up."
Sep,CNBC,US Work History and Future outlook: 1. Only dad worked a full time job 2. Dad and mom work full time 3. Dad works 2 jobs and mom works full time 4. 20 years into the future: Both parents work 2 jobs 5. 50 year into the future: Both parents work 2 job and teenagers work full time to support their families instead of having spending money 6. 100 years into the future: People finally had enough and there will be a revolution causing a major change how the US economy works.
Sep,CNBC,"Don't get fooled, not a single software developer was replaced by ""AI"" this is a stock manipulation happening in real time."
Sep,CNBC,"Everyone is dispensible, never take your job for granted. Always have a plan B. Tech companies come and they go. Everything is a cycle in the economy."
Sep,CNBC,"Laid off is an easy most convenient way for the executives , board members and investors to pocket, double, triple their income and profits."
Sep,CNBC,Crash! Crash! Recession! Inflation! It’s getting depressing. I have about $100k in emergency fund and I have been seeing good news about the stock market and would like to gain from that since I can’t let my savings be corroded by inflation. What stocks should I into as a newbie to safely grow my money.
Sep,CNBC,So they can't rent a place for themselves and need investments for that... 😂Women power 🎉
Sep,CNBC,This is great. Networking is necessary in the cutting edge economy. San Francisco is a great town and the future of tech.
Sep,CNBC,"""When the U.S. sneezes, emerging markets catch a cold"" totally agree on that. In stock market Powell's speech is very expensive"
Sep,CNBC,"Unless you believed the inaccurate fed govt job reports, you know the job market slowed down 3Q23!"
Sep,CNBC,"I know for a fact the moment I jump in on their stocks, it’ll start dipping"
Sep,CNBC,Bought at IPO (sub 40 dollar). My best stock pick ever. I saw the vision with lines out the door even here in central texas back in 2022/23
Sep,CNBC,"I've been an investor in Apple, gold, housing market as well because I strongly believe in them, I've always believed in the stock but now I don't know if to re-distribute my portfolio and put some money in Nvidia or Tesla especially now that we are experiencing a market correction"
Sep,CNBC,"Each restaurant is valued at 43 million 😂 this is how Wall Street scums investors, take all the money you can and then file for bankruptcy."
Sep,CNBC,investors have invested in cava so that is why they love cava. why else would they be called investors then? as if health food can be cheaper that junk food in a capitalist system
Sep,CNBC,"All the employees at CNBC are yelling at each other to purchase this stock, before they publish this sales pitch for CAVA 😂😂😂 CAVA’s check to CNBC is in the post 😂😂😂"
Sep,CNBC,Cava's market cap has jumped by 200% in just over a year! That's some serious growth in the fast-casual food space.
Sep,CNBC,"At some point, the growth of businesses like this will eventually peak and they will need to make stupid decisions just to please the investors. That's when people walk away and the next one pops up."
Sep,CNBC,"The food is mediocre at best. Give me a shwarma cooked by an arab guy instead, i would rather support him than this bubble stock."
Sep,CNBC,He’s a Schulman. So he got investments from mammoth firms much easier than a majority of entrepreneurs would in the same situation.
Sep,CNBC,Been investing in this stock when it was 40$ will keep buying for the foreseeable future
Sep,CNBC,The food is fire and the stock has been on a tear
Sep,CNBC,"They'll go on a massive expansion fuelled by debt just in time for consumer taste to change to the next best thing. The CEO will get a golden parachute, 'reorganize' the business and let the franchisees and mom/pop investors holding the bag."
Sep,CNBC,"Have my entire HSA in this stock. If it tanks, I go from premium adult diapers to Saran Wrap 🤞"
Sep,CNBC,Whenever CNBC talo about a company/stock. They are trying to provide exit liquidity for the big dawgs. Be careful buying this. Speaking as a someone who bought 15 $50 2025 calls last year and made good money. I am now slowly entering a short position. Some atm puts 6months out. Glad if you read this and make money
Sep,Bloomberg,Portuguese here. We never had a problem with foreigners. The issue is getting a visa trough real estate purchase and not trough direct investment like the EB-5 visa in the US.
Sep,Bloomberg,Buying real estate should not be incentivised any more than it already is. Other investments can go up and up in price and everyone's happy but ordinary people need homes. If a wealth tax is implemented it should only apply to real estate and land. Real estate should not be the piggy bank of the rich. They should be encouraged to put their money into other assets.
Sep,Bloomberg,The issue really is Government failing to build more homes and then blaming the easiest target for their lack of governance. . the article by Bloomberg clearly states that 0.4 percent of buyers were foreigners on a Golden visa..if 0.4 % can dictate the whole market pricing then it's due to a frenzy created by local real estate agencies rather than any actual buyers from abroad. .. When prices do come down then a lot of Portuguese are going to see a massive decline in their retirement pots because i suspect a lot of locals have bought in this frenzy created by hype and plain old tall stories about foreigners buying at crazy prices and every local also wanting a piece of the action..There's a lot of pain to come
Sep,Bloomberg,they should invest in real companies with real jobs not just buy houses...
Sep,Bloomberg,"The golden visa should only exist through investment, the option to obtain it by purchasing property should have never existed. Not only that, it ended far too late. Portugal is facing a massive housing crisis, the last thing it needs is to further increase the demand for housing, especially from wealthy foreigners who can easily outbid locals."
Sep,Bloomberg,Foreign investment in housing shouldn’t be allowed. Having a property sit empty except one week a year is preposterous
Sep,Bloomberg,"Cypriot here. Up until scandals were revealed, our government gave citizenship to not only corrupt politicians or businessmen, also criminals wanted by Interpol. Property prices sky rocketed, I know cases where a so-called Chinese investor bought a whole apartment and renting it out. Once he secured his citizenship he sold ‘the investment’ to other corrupt Russian investors. Circular economy for you. I’m very proud of my new compatriots 😂"
Sep,Bloomberg,"Why can't golden Visas be tied to building housing for like 2 more families if you move in. Or yeah, making real investments into building up a local industry."
Sep,Bloomberg,"Golden visa aren't citizenship by investment programs, they are residency by investment programs with expedited citizenship by naturalisation"
Sep,Bloomberg,"Golden visa are fine, investment wise. But we should always be able to revoke them. Like for Russians or Chinese when they are sanctioned."
Sep,Bloomberg,"We sold the country but don’t worry gdp is going up😂 but don’t remember them we were left in the dust during 08. 10k us citizens with a lot of $$$ definitely increase prices in the areas they set up, fake investment what is helping the economy besides imi revenue for the government? Expats working for usa companies or usa customers, creating Minimum wage tourism jobs? A joke"
Sep,Bloomberg,0:00 - Introduction: IBM’s Quantum Computing Facility 0:49 - The promise and risks of quantum computing 1:53 - IBM Quantum System Two: Exploring the technology 3:14 - How quantum computers work: Superposition and qubits 4:33 - Applications of quantum computing in science and industry 5:55 - Inside IBM’s lab: The hardware and challenges 7:12 - Cooling to absolute zero: Maintaining quantum stability 8:20 - Quantum collaboration and competition in the tech world 9:23 - The quantum arms race: U.S. vs. China 10:24 - Security and investment in quantum research 11:36 - Quantum computing’s impact on encryption and cybersecurity 13:43 - The potential threat to banking and global data security 15:48 - Quantum key distribution: A defense against quantum hacking 17:06 - Real-world trials of quantum-secure communication 19:01 - China’s advancements in quantum satellite technology 19:53 - Singapore’s approach to quantum communication networks 21:42 - The challenges of geopolitics in quantum collaboration 22:53 - Conclusion: The quantum future and global collaboration
Sep,Bloomberg,"Whenever I hear about quantum computers and all the things needed to make them work, I'm reminded of Thomas J. Watson, chairman of IBM, who said, in 1943: ""I think there is a world market for maybe five computers.""."
Sep,Bloomberg,The most incredible capability that quantum computing has is the seeming unlimited ability to help people obtain research grants and investments etc. What makes it doubly impressive is that this continues to happen even though quantum computing has failed to deliver any useful product or results.
Sep,Bloomberg,"Your not supposed to tell people, your supposed to make them think its some sort of magical super tech, not just a chip that needs a lot of cooling. thats how you get people to invest."
Sep,Wall Street Journal,"As a major news outlet, you'd think one of the correspondence of a news worthy area would invest in a half decent microphone..."
Sep,Wall Street Journal,Don’t poke the bear and you won’t get bitten
Sep,Wall Street Journal,"Abu, Your new pager came by FedEx."
Sep,Wall Street Journal,Just the other day he was on TV making threats like he was bulletproof. 🤔
Sep,Wall Street Journal,Canada needs to get pipelines to the coasts so it can get away from American bullying. It has become a matter of National Security!!!
Sep,Wall Street Journal,"So the problem is that Americans now have to pay something closer to fair market for Canadian crude oil because of Trans Mountain? How is that a problem? Trans Mountain is achieving the goal of expanding Canadian markets for its oil, beyond the US, and thus it achieves a fairer price for Canadian producers. It is a win for Canada. Now why was the pipeline so overbudget?? The video didn't address that question."
Sep,Wall Street Journal,Stalling oil market ? Please give me a break . The whole world wants your oil and will pay well for it .
Sep,Wall Street Journal,"The academic interviewed blathers on about how governments should never step in to do projects the private sector considers uneconomic. Completely ignores the fact Kinder Morgan was entirely committed to this project and would have completed it had not both provincial and federal governments imposed such a convoluted and everchanging regulatory approval process, that Kinder Morgan made the decision to walk away, since even after a couple of years in they had no idea when approvals would be forthcoming. Hard to make an economic case for a project when you have no idea when you can start construction. That’s when the lightbulb went off in the feds heads…wait, I guess this pipeline project actually is important to the Canadian economy. Now that we’ve scared off the private sector, I guess we have no choice but to do it ourselves."
Sep,Wall Street Journal,"One thing not specifically noted, is though Alberta oil is (was) captive to US markets, many US refineries are designed specifically to refine Alberta oil. These refineries cannot be changed to other oil supplies, so those refiners are captive to Alberta oil"
Sep,Wall Street Journal,"If we are to survive in this economic crisis we need assistance right away. The ETF and stock markets are still quite volatile, just like the property market. I'm still at a crossroads deciding if to liquidate my $300k stock portfolio"
Sep,Wall Street Journal,Canada needs to free itself from the US economy.
Sep,Wall Street Journal,"Hey WSJ... We're totally ok with putting our economy first, before Americas. In case that wasn't completely obvious."
Sep,Wall Street Journal,"What a buzzkill. Got to find a way to make a win sound like a loss. Alternate oil sources from the Middle East are a good thing. Also, for more balanced reporting, you should have maybe mention that building an oil pipeline through the Rockies is an enormous amount of work, and lots of similar projects go over budget, but still turn out to be economy savers. Don't make it sound like the environmentalists/First-Nations were the big problem."
Sep,Wall Street Journal,Canada is also investing in building out a natural gas export pipeline to BC. LNG plant is also under construction and should ship its first cargo in 2025.
Sep,Wall Street Journal,Oil is far from done. Oil is only going to grow as more markets open up in the third world. As Countries industrialize there will be a greater demand. Canada could be in a prime position to capitalize if they could get past the environmental lobbyist.
Sep,Wall Street Journal,"Unsinkable aircraft carrier, with a very sinkable economy without Chinese investment in its resource sector 😅"
Sep,Wall Street Journal,"As an Australian, I am mindful of America's only consistent policy - self-interest. In WW2, Macarthur used our troops as cannon fodder in minor campaigns. It only utilised the British Pacific Fleet when the armoured flghtdecks of their carriers were resistant to most kamikaze attacks. America's policy was clearly stated, to make the Pacific an American lake. Then came the betrayal at Suez in 1956. More recently, America's car companies closed their factories in Australia. We are supposed to follow the American ""free market"" model when our size makes us vulnerable to predatory overseas companies, mostly American. North Korea has given self-sufficiency a bad reputation, yet we need to protect ourselves from both Chinese expansionism and American corporate suzerenity. How many Chinese car factories would transfer my allegiance? I don’t know, but love for America..."
Oct,CNBC,"USD makes no sense now. It is highly bloated, its not the dollar we used to know. Neither is the American dream. Its no more about people, it favours the corporates and market manipulators, creating disproportionate inequalities at the core of society. It was good while it lasted. RIP American dream. Excited about who will succeed the mighty dollar of old times... the next big government backed currency."
Oct,CNBC,"There are already many trillionaires in the world they just do not share their mass wealth with the world. Those that run the central banking system have been trillionaires for over 100 years now. Those in the middle east that receive hundreds of billions each year from every country on the planet, have been trillionaires for 30 to 40 years. Companies that have global expansions, and their hands in multiple facets of different industries are trillionaires. (think general mills and all the other food and industrial companies they own, now look at what those companies own, and what they own etc. its all hidden to seem as if they are all separate, but they are not) There are also only a few companies that control the flow of diamonds, gold and other precious minerals, they also are trillionaires.(You don't mass stock pile these things to not over flood the market, without them being worth trillions, think a warehouse full of raw diamonds, take a single handful and it is worth a hundred million dollars, a bucket full is worth a billion, and a car full is worth a trillion, a warehouse full is unknowable) So no we do not have the first trillionaires appearing they are here and have been here for a long time, and some are multi-trillionaires, or most likely quadrillion or more aires.."
Oct,CNBC,"Let all the fools make him richer. I invest my money wisely. I’m sure regulators are looking into his personal, business and investment portfolio."
Oct,CNBC,For those that traded NFP with Juliane Iwersen Niemann. Y'all can testify to the fact that the news is always an added advantage to our portfolio. I believe the wisest decision that should be on every individual list is to invest in a different stream of income and don't depend on the government to bring you money
Oct,CNBC,"All these AI tech leaders from IBM to Nvidia are also meeting & Investing with other National leaders like India where they are planning to transform the country. That also gives them extended access to population data, which will shape how their AI model works and how they want to drive these policies."
Oct,CNBC,"""Al isn't coming for human jobs"" Personally, I think people should stop saying this, even as a joke or with the ""yet"" on it. There's no value in that narrative. It WILL take a majority of jobs, possibly by the end of this decade, and we need to start preparing for that eventuality, right NOW! I lost my career path to Al last winter, and I know half a dozen other people who've also lost jobs to Al since last year! This IS coming, and the longer we delay adapting our society and economy, the more unfair it will get. but for my robust investment portfolio that I'd built over the years with my financial advisor, Abby Joseph Cohen, I'd be hungry and homeless"
Oct,CNBC,"An easy solution to ease the housing crisis is to not allow business, corporations, both foreign and domestic from purchasing single family homes. Homes are not and shouldn't be an investment"
Oct,CNBC,"To attain upper-class wealth, a wise individual recognizes that building financial success requires smart investments, strategic tax planning, and informed decision-making. Although the stock market offers growth potential, effectively seizing these opportunities demands both skill and expertise."
Oct,CNBC,"I hope we all know that it doesn't matter who is in the 'top job' because this is a systemic problem -- greed. We have allowed many of our economic sectors, to take advantage of the American people. It's disgusting and frightening for the future of our country. My wife and I will be retiring in the next two years n another country. We are absolutely worried that SSI will no longer be funded. we'll have to rely on his pension, a 403 (b) and a very prolific Investment account with my Stephanie Janis Stiefel my FA. Our national debt is bloating and expanding every month. Our government needs to get spending under control and cut the federal budget."
Oct,CNBC,"""The working class often engages in manual labor or service jobs and may face financial instability, focusing more on meeting immediate needs. The middle class typically works in professional or managerial roles with more financial stability, prioritizing long-term goals like education and home ownership. Essentially, the key difference lies in income level, and financial security."" Let's face it... The US may not even have a middle class as of today... Meanwhile the corporations get bigger and reports earnings on the billions without any shame."
Oct,CNBC,The 1% of rich Americans think of how to invest their money to increase their wealth during the recession. While the 99% of struggling hard-luck Americans think of how to survive without food and daily necessities in the recession and the coming hyperinflation. I am just about to make my first index fund purchase via vanguard. I intend to invest long term. just getting slightly stuck on how I balance my percentage portfolio between equity vs bonds. Low risk is good for me. Any tips
Oct,CNBC,They must have to solve housing issue. Housing is no more affordable for the middle class. Corporates and private investors buying houses which increasing the house prices abnormally.
Oct,CNBC,Most of us living hand to mouth. There is no savings. The job market is still bad. Prices of grocery going up frequently.
Oct,CNBC,Here is the sad truth in this screw up economy. Don’t have kids if you are in the low/mid income class.
Oct,CNBC,"The high inflation is a significant reason why most retirees have sleepless nights. The increase in prices of everyday items puts them at risk of running out of money. As prices rise, the amount of money retirees can withdraw from their retirement savings also increases. The only solution to this problem is adopting a bitcoin standard"
Oct,CNBC,"What's the optimal strategy for someone with around $5,000 or even less, to begin trading stock market today?"
Oct,CNBC,"Basically Hermes stayed true to itself as a luxury brand while the others tried to tap on the fast-fashion market with ""luxury for poors"" products"
Oct,CNBC,"And they don't use ""Celebrities"" to market/endorse their products....if you have any of their products...you paid for that product."
Oct,CNBC,"The downside to the ""exclusivity"" of Hermes is the resale market making a lot more from the original price of the bag vs whats its actually worth."
Oct,CNBC,"And they say the economy is “Bad” people out here buying . $100,000 leather purses. Crazy to think that an inflated product for the rich could say so much about the state of wealth inequality. At its core"
Oct,Bloomberg,"In Taiwan, there are more than 350 publicly listed companies who participate in the semiconductor industry working based on various professions in this field covering from upstream, midstream to downstream in division of labor. So that it makes the industry with overall strengths and capabilities in flexible and efficient for time-to-market in global competition. And there also have more new tech start-up companies continue to join it. In addition to them, there are more than 100 professional suppliers supporting the manufacturing of specific chemical materials, gases, specific components, special equipment, consumables, packaging materials, recycling, and debris handling for the semiconductor industry. There are more than 450 companies working for the supply-chain of entire semiconductor industry. The industry manufactures them from raw material silicon production to wafer then to chip, all they can be completed in Taiwan locally, without the need to import other materials."
Oct,Wall Street Journal,"Our economy struggling with uncertainties, housing issues, foreclosures, global fluctuations, and pandemic aftermath, causing instability. Rising inflation, sluggish growth, and trade disruptions need urgent attention from all sectors to restore stability and stimulate growth"
Oct,Wall Street Journal,"First time home buyers grant is going to backfire massively!! Australia did that years ago. It only increases house prices the moment that policy is implemented. If buyers have more money, sellers will ask for more money. As simple as that. EDIT: for anyone reading this comment and not understanding why government subsidies drive up house prices, please read up on how a first time home buyers grant has affected the Australian housing market."
Oct,Wall Street Journal,"How about stopping big investments firms into buying family houses? Some things shouldn't be invesments in this country, and that's also what also home owners need to understand, their home price increasing isn't heping them at all because everything else is also increasing, not only their home price!"
Oct,Wall Street Journal,The problem is investors buying up all the supply causing a shortage which then causes home prices to go up and rents follow. Get investors out of single family residential properties!
Oct,Wall Street Journal,"After selling two homes in 2024, I'm anticipating a housing crisis in order to buy inexpensively. As a backup plan, I've been thinking about purchasing stocks after the election. What recommendations do you have for the best time to buy? On the one hand, I keep reading and seeing trader earnings of over $700k each week. On the other side, I keep hearing that the market is out of control and experiencing a dead cat bounce. Why does this happen?"
Oct,Wall Street Journal,"Key things: 1) Around 1:30 when the video talks about protesters. Very true on anything from environment to zoning regulations. People love to just blame everything on govenrment process but this is what you asked for... you want democracy then it means people can go protest no matter how stupid or incorrect you think it is. You can't have the cake and eat it too... you laugh at Chinese citizens not having freedom but when it's your turn you want to shut down opposition voices. See the irony? (Not talking to anyone specific, just in general for those that love chanting government sucks) 2) 2:40 About infrastructure cost. Exactly, infrastructure is very expensive to build/maintain. To the far right folks that think government needs to go away, who exactly pays for infrastructure like roads? Amazon might be willing to build a few roads that connect the city to their mega warehouse, but most businesses aren't going to be able to organize efforts to connect pipes, roads, etc. People often discount infrastructure as if it was free born out of the air or that it can simply be pritivized which anyone with common sense knows you can't... there's no profit motive behind it. Only government can say, we need to connect all these areas whether it has a mom&pop shop or if it's a Walmart which obviously produces different economic values. I don't think anyone would argue only walmart should get roads. 3) 4:45 Another classic example of Trump meaning well but his supporters aren't seeing reality. It sounds nice to open up federal land but it doesn't help if it's not where housing shortage is, does it? He also talks about protecting single family zoning but this is actually what kills cities like SF. To be 100% fair, democrat voters are just as guilty in this. They vote against any non-SF zoning to protect their own SF there. Anyone who insists on SF zoning only, are the folks that make housing crisis worse. 4) 5:50 Example of Harris meaning well but aren't attacking the core issue. Incentive for first time buyer doesn't solve the problem and why should people who are moving from home to home not be able to afford houses? It's like affirmative action that means well but don't hold up in real world logic. 5) Both sides need to listen to actual experts that talk about tariff on lumber, zoning to be eased, and trade labor to go up. I don't see any voters from either side doing much besides following their candidates blindly."
Oct,Wall Street Journal,"In 2024, I sold two houses, and now I'm waiting for a housing crisis so I can buy cheaply. I've been considering buying equities after the election as a fallback option. What are your suggestions for the ideal time to purchase? At the same time, I continue to read about traders making over $700k every week. Conversely, I frequently hear that the market is in a dead cat bounce and is already out of control. Why does this occur?"
Oct,Wall Street Journal,"Subsidies to first time homebuyers just lead to increased prices, because in a scarce market, all of the buyers are bidding with each other, and limited only by what they can afford. It's ultimately a handout to home owners, who will see larger proceeds for their sale, not buyers. The rest of Harris plan seems smart. Part of me wonders if she is smart enough to know that the $25,000 subsidy proposal is a bad idea, and is only advocating for it because she knows it will get her votes."
Oct,Wall Street Journal,None of this really addresses the core issue: investors. Building more houses just means the rich investors will eat up majority of them. Which means no matter who gets in office it will be a problem until the next election or it turns into another 2008 financial disaster.
Oct,Wall Street Journal,"Trump plan: Fix housing costs in Philly, by opening up Federal Lands in Nevada. 4Z Chess."
Oct,Wall Street Journal,Building is not a sustainable solution. Not that it wouldn’t help… but the answer cannot be “keep building as cheaply and quickly as possible”… We need extra-market policies that very transparently and consistently keep the cost of housing on pace with wage growth across the country. The first of which is banning corporate ownership or single family homes aside from some rare exceptions.
Oct,Wall Street Journal,Federal land isn’t a great idea when the land we already have developed is so inefficient.
Oct,Wall Street Journal,"500 billion over ten years, 50 billion a year, is nothing. It’s an absolutely inconsequential amount of money compared to Federal spending. It might be more fair, but it is not the solution to wealth inequality, the federal deficit, inflation, or anything else that plagues our nation. And it will dredge up a whole lot of other problems as well, such as mass selling of shares, which destabilizes the stock market. This plan is half baked at best, and absolute disaster at worst, and it doesn’t prevent the loopholes that allow billionaires to put off paying taxes in the first place."
Oct,Wall Street Journal,"In the Netherlands, we have 3 kinds of taxes for income. 1. is labor income (which is mandatory even if you are a company owner (management fee)), 2 is a shareholder tax for majority shareholders of a company (>25%). And 3 is a wealth tax (Which taxes a fictive percentage of your gained wealth). On the last one, the Dutch court ruled that the taxation of a fictive percentage is illegal, and the Dutch IRS needs to calculate the real percentage, which is an impossible assignment to do for everyone. So even if this tax plan of Harris would see the light of day, it would be hard to hold it op in court. Because what are you going to tax? Air? A number? Unrealized gain is still a fictive number. If the stock market crashed like it did in 2008, is the government paying the taxed amount of the unrealized gain back? The best solution to millionaires, billionaires etc. to pay their fair share of taxes is to demand by law to have a normal labor income stream of a certain amount. Which is realized and real to be taxed with. But is would also hurt wealthy democratic voters."
Oct,Wall Street Journal,unrealized gains tax is completely stupid given how volatile certain stocks are and how certain assets are almost impossible to pinpoint on it's real value. just close the buy borrow die strategy by making all your assets realize the capital gains upon death. people pay their taxes on these realized gains upon their death before their heirs gets their inheritance.
Oct,Wall Street Journal,Misleading video. Most people know that increase capital gains taxs will reduce investment in everything
Oct,Wall Street Journal,"Taxing the rich is OK, but lets not pretend the government needs their dollars in order to spend. Dollars come from the government, not rich people. No, nothing you learn about bank lending, the treasury, the FED, or securities changes that fact."
Oct,Wall Street Journal,"IF I CAN BORROW AND PROFIT, INVEST, OR PURCHASE AGAINST AN UNREALIZED AMOUNT, THEN I SHOULD BE TAXED. CRYING ABOUT PAYING TAXES MAKES YOU A PATHETIC TRAITOR. IF YOU LIVE IN AMERICA, YOU'RE USING THOSE TAX DOLLARS EVERYDAY. SO YOU SHOULD PAY, JUST LIKE ME."
Oct,Wall Street Journal,"Why does the government need an extra $50 billion per year? What is it going to use that money for? The government already wasted so much money, while billionaires don’t exactly stuff this money into their mattresses. They provide investments to new companies, hire workers, start businesses, etc. I question the value of giving an extra $50 billion to the government…"
Oct,Wall Street Journal,"Capital gains tax will hurt retirement accounts and retail investors more than billionaires. Also, if unrealized gains are taxed, then we need to stop taxing realized gains, otherwise the government is double dipping and there will be NO incentive for anyone to put their money in the market. Why would I fund a new business if there's no reward? I could just put all my assets into gold and bury it in the yard (maybe not a bad idea right now?) To those who say ""they're not doing anything to deserve that money"" etc, these accounts are funding the growth of business by investing. It's this giant behemoth of money pushed into new and expanding businesses that allows more resources, more jobs, more opportunities. The big players will always be able to cut through red tape, it's the little folks that suffer. If we want consumer power, there should be more standardized costs for labor."
Oct,Wall Street Journal,"I like how tax policy expands to ""normal"" people. Income tax in the USA was originally for the rich, but expanded to everyone. We need to fix the economy, so we need to take more money from everyone. If we start with the rich, people will think its fair."
Oct,Wall Street Journal,"Election betting can also theoretically be used as a hedge. For example, if you're invested heavily in a particular industry that is favored by 1 candidate but opposed by the other, you can bet on the candidate that is harsh to your industry, so that you have a payout to make up for the hardships associated with a new administration. If they are being used this way, this could potentially cause the markets to deviate from the true probability of a particular candidate winning"
Oct,Wall Street Journal,"Not the best researched piece. There is no mention of PredictIt, which has been around since 2014. Watching the 2016, 2020, and this campaign, markets are horrible at predicting results in advance. The only people who make reliable money are political insiders. One tends to see a market trend change abruptedly 15 minutes before a significant new piece of news hits the major networks."
Oct,Wall Street Journal,ive seen enough poker to know that 20% of the time happens a lot more than you think. Even if the prediction market says someone is 80% favored you're still gambling
Oct,Wall Street Journal,"In January 2022, Polymarket settled with the Commodity Futures Trading Commission (CFTC) for operating an unregistered swap execution facility and agreed to cease offering its services to U.S. users. The title of the video implies legality in the use of betting markets. Polymarket is cited as an example. However, it is illegal for US citizens to use."
Oct,Wall Street Journal,The betting market was strikingly accurate in 2020 even at a state to state level.
Oct,Wall Street Journal,Polymarket does let Americans bet
Oct,Wall Street Journal,About a million dollars is enough to shift the scale. Any billionaire could push the betting market to 100% in any direction they wanted to.
Oct,Wall Street Journal,Betting markets are way more accurate than polls
Oct,Wall Street Journal,"@5:25, so you're saying there could be a prediction market for the prediction market? 🤑"
Oct,Wall Street Journal,"To anyone who disagrees that betting markets are predictive, I invite them to put their money where their mouth is and place their bets. I believe the people with skin in the game, not armchair analysts spouting their ignorant opinions that they never have to pay for. If you don't have money on it, a conflict of interest, or some moral objection to gambling, your opinion is basically worthless."
Oct,Wall Street Journal,"Ultimately, election betting markets skew towards a specific demographic (male + techy). Sites like Polymarket only allow trading in crypto, and Polymarket trading is banned in the US. Election betting markets likely don't represent the broader general population, but there certainly is real money at play here - I just posted a video about the French trader who bet $45 million on Trump: https://www.youtube.com/watch?v=1AsWn9hxEws"
Oct,Wall Street Journal,"Betting on elections is quite normal in UK/Ireland so funny to see such a reaction to it in the US. The UK did interestingly have several UK politicians/insiders bet on when the next election would be before it was announced and it did lead to investigations/resignations. But its interestingly a more secure market because even the participants of the market don't have that much control over it, in theory at least."
Oct,Wall Street Journal,"It’s wild how things are getting played up with just a week left. Apparently, investors are making some big moves, trying to 'game' the outcome."
Oct,Wall Street Journal,"I hope we all know that it doesn't matter who is in the 'top job' because this is a systemic problem -- greed. We have allowed many of our economic sectors, to take advantage of the American people. It's disgusting and frightening for the future of our country. My wife and I will be retiring in the next two years n another country. We are absolutely worried that SSI will no longer be funded. we'll have to rely on his pension, a 403 (b) and a very prolific Investment account with my Stephanie Janis Stiefel my FA. Our national debt is bloating and expanding every month. Our government needs to get spending under control and cut the federal budget."
Oct,Wall Street Journal,"*abortion, the border, economy, traditional values*"
Oct,Wall Street Journal,"I was born & raised in Miami and almost all of my friends are Latino. The day that Trump was arraigned in Miami on charges of Espionage for stealing classified documents a group of people shouted ""Go back to Mexico!"" at our Mayor Francis Suarez - right in front of the courthouse. He's of Cuban descent and he was born here in the U.S. If you think that Trump supporters see you as anything other than field labor picking fruits and vegetables, gardeners, bus boys and dishwashers, or cleaning ladies then think again. BTW: Stop repeating Trump's BS about the economy while he was in the White House. He inherited a great economy from Obama and he blew it when he fumbled the COVID epidemic. His tariffs will drive us into another Great Depression because he doesn't know what he's talking about."
Nov,CNBC,"""Instead of producing better cars and providing the American consumer with higher value for their dollar let's just spend that money on lobbying lawmakers into preventing competition from entering our market"". Free market my ass."
Nov,CNBC,"The rise of BYD and other Chinese automakers is fascinating and shows how quickly markets can shift. As an investor, I’m keeping an eye on EV stocks, especially as competition heats up globally. While Tesla still has strong brand loyalty, BYD’s expansion and Buffett’s backing make it a compelling long-term play. It’s a reminder to diversify and stay adaptable in this ever-changing market."
Nov,CNBC,"Down here in Australia there are no car tariffs, and over the past 2 years the Chinese EV manufacturers have entered the market in a big way, especially BYD and MG. I have driven several of them and honestly came away stunned. The quality of their cars is insane, you only need to sit in one and drive it for 10minutes to know that legacy automakers are dead ducks. I was so impressed that I now own one (an MG4). The reason the Americans slapped tariffs on these things is that the American car CEOs know the truth - China has already won the race for EV tech. It's not even close."
Nov,CNBC,"America: ""Free markets and capitalism are great until someone else beats us at it."""
Nov,CNBC,"The US talked as if they didn't enjoy the Chinese subsidy themselves. For decades, GM, Ford, Toyota etc enjoyed subsidies from Chinese government in term of free usage of lands for their factories and low taxes. Tesla not only enjoyed the free land for its Gigafactory, it even enjoyed the EV subsidy launched by the Chinese gov to promote EV. We are not even talking about the subsidy they enjoyed in their homeland, the USA, courtesy of the US federal and states government. China also didn't push them out of the Chinese market, they are losing market share due to their own incompetence. For years the Chinese government has been promoting EVs. When the world largest auto market, and your largest customer, said they want EV, you should have listened. Instead they rest on their laurels, thinking the Chinese can never catch up with their ICE cars tech, and that EV will never take off. They are right that the Chinese didn't catch up with their ICE cars, the Chinese never tried to, the Chinese just leaped ahead with EVs. Few years back, when the Chinese government wanted to set up the time table to ban ICE cars, the foreigners beg the Chinese government to give them more time. Years later, they still couldn't catch up, and climate change wait for no one. The foreign automakers performed so bad that even their Chinese partners are worried about them. The overcapacity is also another BS concocted by the losers in the west. the Chinese only exported about 15% of their cars, while the Germans exported about 70% and the Japanese exported about 50% of their production. Who is the one with overcapacity problem?"
Nov,CNBC,One gov invest into the future. The other invest into wars.
Nov,CNBC,"Electric vehicles are gradually replacing fuel-powered (PMS) vehicles, making investments in EV charging stations one of the most promising opportunities available. As the demand for sustainable transportation grows, EV charging infrastructure is becoming the new gold mine for investors."
Nov,CNBC,They did not tell audience that BYD's success root in pure technology investment and they bet all their resources in new technology and finally paid off . their Plug in Hydrid EV made a major break in technology and turn around all situation .
Nov,CNBC,"BYD is not the only good Chinese brand on sale here in Australia. MG has been selling well here, just ahead of BYD recently. The MG4 was designed in England but built in China for the export market rather than for Chinese sales. The R&D work done by the Chinese decades ago is paying off. Maybe other countries who want to make cars should take note."
Nov,CNBC,"If I was in the market for an EV I would choose a BYD over a Tesla and I’m American, they need to start selling their EVs in the USA"
Nov,CNBC,They invested heavily into this industry and are now reaping the rewards.
Nov,CNBC,"The US treasury subsidises the entire auto industry with $80 billion dollars, so let's not kid ourselves, the Chinese are not the only one's doing it and if American automakers worked harder to innovate and reduce costs as well as invested in better tech and factories, whilst not been allowed to rely on protectionism, so they can't move at their usual lazy pace, whatever happens to them they have it coming and deserve it. America is supposed to be a free market economy which produces innovation and lower costs through market pressure, it is as long as American execs do not have to work hard for there bonuses, otherwise it's lobbying time, this is the reason our cars are getting worse and increasing in price because they can rely on good old uncle Sam to protect them, why do you think our cars failed in Europe, yet Chinese cars are only becoming more popular, ask yourself?"
Nov,CNBC,"Someone still has to stock the shelves load/unload truck though, right? Maybe a robot does that... This all seems unnecessary and overly complicated. Was it so bad when you just said hi and small chatted with another human being for 30 seconds? Couple billion dollars will fix that kinda."
Nov,CNBC,“Compared to your parents job market is a great job market” my mom bought branded new Toyota Corolla and a home in 1998 on a secretaries salary. Yeah I’m sure it’s the same. Totally.
Nov,CNBC,"4 months unemployed, over 300 applications. 50 interviews 4 final rounds. FINALLY started a new job today (fully remote sr marketing) please don’t lose hope. It was a traumatic process and I felt so defeated but don’t give up"
Nov,CNBC,I moved to Texas and couldn’t find a job. I started working for myself mowing lawns and that turned into landscaping. I’m gonna stay with what I’m doing because I’m making ends meet and I’m on my own schedule. Working for yourself is my only answer for the current job market.
Nov,CNBC,"""Compared to your parents job market is a great job market""... disrespectfully, that's the dumbest thing anyone's said this year."
Nov,CNBC,"The economy is great for who? Where? How hard do you have to work now for $20? CEO pay is skyrocketing, worker pay is stagnant. Above $20, expectations rise and maintaining employment gets more difficult. Companies just don’t want to pay no matter what. Even high skilled people don’t have any longevity. The best jobs are given to friends and family. Racism is a big problem when it comes to some locations. Sure, there are plenty of low wage jobs. Today employers expect a lot more for $20/hr."
Nov,CNBC,"UE for 2 years. Professional. The job market is as bad as it was in 2008. The job numbers are a lie. Thousands of resumes for a CPA with years of experience, Master degree. Ghost jobs. Ghost interviews. No feedback. Recruiters are sending out emails that look personal but are part of huge mailing. Recruiters schedule an interview then don't show up. It's a nightmare!"
Nov,CNBC,"It may be extremely hard to believe, but the US federal minimum wage remained unchanged for over 15 years and 4 months, the very latest and newest change was way back in 2009. Based on what was seen in history from 1938 to today, the minimum wage changes once every 3-4 years, so how we have gotten to 15+ years since is insane. There are no guarantees on whether 2 million dollars per year could make you live comfortably considering house prices are like 150 million to 500 million dollars and many cars run from 3 million to potentially 100 million dollars."
Nov,CNBC,"Jobs will pay your bills, business will make you rich but investment makes and keep you wealthy! I pray everyone here becomes successful"
Nov,CNBC,"For those interested in the real numbers, studies like the MDPI research show a stark disparity: from 1978 to 2016, worker compensation increased by just 11.2%, while CEO pay skyrocketed by 937%. Post-pandemic, CEO compensation has climbed to over 1,200% as of 2023. We're back to an era where oligarchs control nearly every facet of the economy. I refuse to bring children into this system, ensuring my bloodline doesn’t perpetuate the hamster wheel of endless labor for corporate profit. I love seeing the defiance and disrespect Gen Z shows toward corporations—keep that spirit alive. It’s exactly what we need to shake things up"
Nov,CNBC,A 1970's minimum wage worker had better rent affordability than 2020 college graduates. If that doesn't tell you how messed up the economy is then nothing will.
Nov,Bloomberg,Selling everyday car at luxury price. It’s suppose to be a car for the common men. They have Audi and Porsche but yet they still selling GOLF R at Porsche pricing. Their downfall isn’t EV adoption its their market segmentation.
Nov,Bloomberg,"When a Toureg is €126,000 and youre blaming it on the ""market""... You have a management problem"
Nov,Bloomberg,"Volkswagen is probably the prime example of the current manufacturing trends - build more exclusive, more engineered, higher quality products... that are pointlessly expensive. It seems that in Europe nobody even tries to make things to be cheap and affordable. The most shocking part of Chinese EVs is not that they had tariffs, but that they even upmark the prices in Europe, because the market is so overpriced. For peace of mind, I recommend not searching the EV prices within China itself."
Nov,Bloomberg,"Too many brands competing, better options with their “lesser” brands (Skoda for example), interest rates shooting up, cost of living crisis, high wages, poor EV models, dieselgate…..the list goes on."
Nov,Bloomberg,"That's what asking for a high price, because 2 decades ago you used to make reliable cars, gets you. Then they thought they had any chance to compete in an electric market in China with said prices. This was all obvious and e.g. Toyota knows it."
Nov,Bloomberg,"Lot of talk about how legacy auto makers like VW didn't move to EVs quickly enough. Has anyone considered the problems may be how they are being forced to offer a product, EVs, not enough of their customers want rather than diesel engines which they do. You can't force a market, never succeeds. Love to see both sides of this discussed without the ideology of only EVs are the future."
Nov,Bloomberg,"Just a FYI, ""Medical advancement"" is more of a catch-all ""Cloak of Goodness"" for every new piece of tech. They will use it for the most profitable product or services they can. Military, policing, entertainment, and new mind drugs are the most likely first to market products."
Nov,Wall Street Journal,"One of the biggest themes here is the desire for corporations to control more of our money. If the money goes directly to families or vouchers, then they can convince parents that public schools are bad and that charter schools are there saviors , then they can set up Charter Schools and get Federal money, taxpayer money. That's what this is about."
Nov,Wall Street Journal,"As a college student, I don't agree to Trump taking out college student Federal funding, it's going to drive an impact towards college students poor and Trump is a billionaire so that's not right"
Nov,Wall Street Journal,U. S. Constitution did not give federal government power over education.
Nov,Wall Street Journal,"When ""All those federal employees will be fired..."" is the first thing out of that guy's mouth, it's a problem. How is THAT going to make America great again? WHY DID THE COUNTRY VOTE FOR THIS????"
Nov,Wall Street Journal,"I call this a half-baked journalism. India already has a naval base called Eastern Naval Command in that area which was opened in 1968. And India investing in strengthening its own Navy, nothing much. There are so many big defence projects running in India and this project is just another one!"
Nov,Wall Street Journal,"higher taxes = higher inflation = government subsides to quell inflation, The rising interest rate can surely control inflation, but won't prevent erosion of the eroding purchasing power of the US dollar. I have learnt my lesson this time. The banks can't be making money off my money, while inflation eats into it. I have set aside 650k to invest in the stock market now, since that keeps up with inflation, but I don't know how to get started."
Nov,Wall Street Journal,Once again he will inherit a strengthening economy and take all the credit for it
Nov,Wall Street Journal,"I plan to retire at 62 in another country outside the US that is free, safe and very cheap with a high quality of life. I could fully just rely on only my SS if I wanted to when that times arrives but l'll also have at least one pension, a 403 (b) and a very prolific Investment account with my Stephanie Janis Stiefel my FA. Retiring comfortably in the US these days is almost impossible."
Nov,Wall Street Journal,"as inflation is influenced by a complex mix of domestic and global factors, and addressing it can take years of targeted policy adjustments. i assume Trump would sort inflation out after how Biden left the country economy wildly weak which affected the Stock market price making many lose their assest when he was on sit then all these inflation is a game of manipulation, It might be worth considering speaking to a financial adviser to help navigate this tricky time if not already doing so. They can provide tailored advice for your situation. Personally I’ll recommend ‘Sophie Kathryn Jones’, she’s a SEC and FINRA licensed expert."
Nov,Wall Street Journal,"The history of Republican Presidents presiding over stock market crashes, e.g. Hoover 1929, Nixon 1973, Reagan 1987, Bush Sr.1990, Bush Jr. 2008, Trump 2020."
Nov,Wall Street Journal,Lowering interest rates doesn’t make housing affordable it makes money affordable. But at what cost
Nov,Wall Street Journal,"Trump's policies had been viewed by many experts as more positive for the financials sector, spurring this massive rally. It's enticing to consider purchasing some stocks, I'm contemplating investing more than $300k. Thoughts?"
Nov,Wall Street Journal,The Fed's goal was 2% inflation. Our inflation over the last 16 months was between 2.3 and 2.5 percent. They were doing pretty good!
Nov,Wall Street Journal,"If they wanted lower prices they have hired the wrong guy. Tariffs on imports, including oil and gas, plus government deficits to finance tax cuts = higher prices for both imported goods and those produced domestically and higher interest rates on borrowed money will ramp up inflation."
Nov,Wall Street Journal,"My God even without tariffs that would make inflation skyrocket, cutting Billionaires’ taxes again will increase the cost of any government expenditure. As we know, he was very upset that the fed kept interest rates up, yet it has kept inflation from going up higher."
Nov,Wall Street Journal,"When the dollar weakens, it often signals economic challenges ahead. I'm thinking about how to safeguard my savings from inflation. Recently, Bitcoin has been in the spotlight, especially with the approval of Bitcoin ETFs and Trump’s win in the election—many predict it could soar beyond $100k. I’ve saved up $300k and am considering investing now, but I can’t help but wonder: is it too late to maximize returns?"
Nov,Wall Street Journal,"Musk, Ramaswamy want federal workers in the office full time. There’s a hitch: https://on.wsj.com/3AVDxji"
Nov,Wall Street Journal,The President can do a lot via executive actions but his power is not unlimited. Some changes require Congressional legislation. Orders that may violate the Constitution or Federal law can be challenged. Litigation can slow down or even halt some executive action.
Dec,CNBC,"They’re also playing this game of hiring interns directly in college over people that have already finished school, and work regular day jobs. This job market has never been so screwed up."
Dec,CNBC,"the hardships that come with economic struggles like unemployment, job loss, inflation, housing market instability, political uncertainties, and the global impact of conflicts and wars. Making ends meet during such times can be incredibly challenging. To navigate this difficult period, considering alternative job prospects,"
Dec,CNBC,"If the unemployment rate is able to remain steady while the Fed hikes and inflation falls back to target, a soft landing might be on the table"
Dec,CNBC,I've been unemployed for months. I've given up looking for a job within my major and started applying for any low value job at Wal Mart or fast food. I need to pay rent! The job market is so rough that not even those places are hiring.
Dec,CNBC,Employers really need to dial down their hiring practices. They need to make them a lot less complicated. They are literally hurting the economy with their hiring practices. It really is unnecessary for it to take several months to hire someone.
Dec,CNBC,With the current economy I’m close to retirement and worried about inflation and market volatility affecting my savings.
Dec,CNBC,I’ve been in school for 10 years. I graduated with the degree in finance and obtain two minors and completed three internships and still I could not get hired full-time. The job market is very biased- and it’s enough to damage your mental health.
Dec,CNBC,"Thank you for talking about this!! I went into a deep depression in 2022. I think graduating in the pandemic totally screwed a lot of us. I went to a good college, have work experience, tried my best to save. But I found myself working in retail, unable to find a better job, living at my parents, and doom spending. I’m doing better now, but I’m paying off the debt and still applying and interviewing. People don’t talk about reverse age discrimination & how companies should be incentivized to invest in employees (salary + opportunities + training) and they will build a more loyal workforce."
Dec,CNBC,"I have been job hunting for 2 years now and I can tell you for a fact the job market is atrocious. The companies in my city alone all have horrible reviews across the board. They either don't want to pay you a livable wage, own your soul and basically demand you live at work, or both. There is no excuse for these companies to be doing this to people anymore. They all have the capability and money to do better and keep employees happy but they simply choose not to."
Dec,CNBC,"Don’t need $100,000, but I do need my health. Workplace ethics are hard to come by. Insecurity and ego run rampant. People often feel bullied and exploited in some way."
Dec,CNBC,"Funny, they tell us there is not enough power generation for electric vehicles. But, they'll make certain there is enough for AI, crypto and data centers."
Dec,CNBC,"constellation energy $CEG owns 55% of all the USA nuclear facilities, the largest pure way to invest:)"
Dec,CNBC,"The current market trend suggests a shift towards [specific sector/industry], which may present opportunities for growth."
Dec,CNBC,"Bitcoin, currently a promising investment for the future, and with its recent surge in value and growing stability, offers attractive returns. However, a lack of understanding often deters potential investors."
Dec,CNBC,"If i was a billionaire, I’d invest in nuclear too. It’s safe and cleaner than everything else and the nuclear waste is used for the A-10 Warthog"
Dec,CNBC,What nuclear stocks can i buy?
Dec,CNBC,Is it no wonder that the Federal Reserve hast retract the number of jobs there are out there because of this
Dec,CNBC,"Amazon and e-commerce have truly reshaped the retail landscape. While they offer convenience and efficiency, the decline in traditional seasonal retail jobs is a real challenge for many workers. It’s a reminder that as technology evolves, we need to focus on creating new opportunities and retraining programs to ensure no one is left behind in this rapidly changing economy."
Dec,CNBC,"Ecommerce requires more human resources than brick and mortar stores. It's common sense, it's way cheaper and efficient for a truck to deliver many items to a single brick and mortar site than for a warehouse to deliver to many homes. The weird thing is even with the inefficiency and added costs - ecommerce tends to be cheaper. Reason? Probably due to comparative advantage and fierce competition due to perfect information. It's so easy to sort prices from low to high and easier to market low prices and find buyers. Unlike with brick and mortar store, there is a cost to ask price quotations - either time or costs associated from going store to store. E-commerce also automatically turns every home door reacheable by delivery into a store's branch. Without the need for physical store branch, you save a lot of rent and labor to staff the store which savings can then be passed on to the consumer."
Dec,CNBC,I stocked up on survival gear and bought all the things I need before Trump brings back the Great Depression next year.
Dec,Bloomberg,Modern nuclear reactors are so much safer than the plants that are in operation currently. The big hurdle is getting passed regulations and there are a lot with the cost of approx. $10 billion which utility companies will not invest in.
Dec,Bloomberg,"Kevin Kamps outright lied in this video. Nuclear power has received the lowest amount of government subsidies of any form of power generation in the US, even oil and gas got more. The fact is wind and solar have enjoyed 20 years of massive subsides and the supply chain has grown considerably, making them cheaper because of the economy of scale. The very same ""green activists"" like Kamps love to tout how cheap they have become off the back of subsides, then turn around and say nuclear is inherently expensive, despite the fact that it is due to the same reason why particularly solar used to be expensive, slow and small supply chains that didn't benefit from scale."
Dec,Bloomberg,"World definitely needs to invest more in mew nuclear power plants, to get grids stable"
Dec,Bloomberg,"Nuclear is necessary to decarbonize the economy but there is just so much regulation and red tape and the upfront capital investment is just too much for any publicly traded utility to undertake. If we can do something with the regulations to streamline the process, and have a standard modular design with known costs and a faster construction time, that would certainly help us make nuclear energy again"
Dec,Bloomberg,“High interest rates” um same rates as 2008.
Dec,Bloomberg,"I think we need to combine technologies to get the most out of investments, e.g. utilizing the steam to generate extra energy or storing the waste heat for later or installing solar panels around the stacks."
Dec,Bloomberg,"I think the new driving force for nuclear energy will likely come from tech companies. 1. These AI, big data companies such as Amazon, Microsoft, Facebook, Apple, OpenAI or even Tesla will need stable continuous power delivery. 2. Unlike utilities, these tech companies are flushed with cash, what better investment to make than to secure their own energy needs for the next few decades years? 3. On average nuclear power plants become a net gain on investment after 25 years. So even if AI doesn't pan out, these tech companies could simply start selling excess electricity to the grid."
Dec,Bloomberg,"Talk about AI and show us cryptominers, super!"
Dec,Bloomberg,5:00 Feeding LLM-generated bullsh*t for training other LLM's... What could go wrong?
Dec,Bloomberg,"Instead of interviewing people who works in AI, idk who did they interview. Whats hitting the wall are human expectations — both the (dumb) investors and (hyped) humans. However, the research has always been moving fast. As someone who has been doing AI since models were able to generate unrealistic human faces until the first breakthrough of StyleGAN, AI has been rapidly moving in the research department."
Dec,Bloomberg,"I don't think o3 is AGI, but it does show a meaningful evolution in OpenAI's tech. But I think this article missed out on the geopolitical dynamic. Investors may pull back if they don't see continous growth, but governments may step in. If China is willing to spend $100s of billions, the US will almost certainly commit as much in the name of 'national security'."
Dec,Bloomberg,"Did a gen z ""marketing person"" color grade this video?"
Dec,Wall Street Journal,"In public, everybody condemns pornography. But when you look at the market, you will see tens of billions of dollars annual revenue. So who are the customers? Same people condemning pornography in public.😂😂"
Dec,Wall Street Journal,"I advice against paying for adult content. It’s a big waste of money. Cutting on porn or eliminating it from your life to focus on human interaction that is real and not fake is what one should aspire to. If you are not ready to have a romantic relationship with anyone, invest in yourself and your wellbeing so you are happy and you make the right people for you to stay in your life and connect with you."
Dec,Wall Street Journal,"It's the success of the free market, we love to see it!"
Dec,Wall Street Journal,"For those of us who were of drinking age in the 1980's, the average liquor store had such a small, pitiful, selection of beers compared to what is available now. This is why so many women in the 1980's would claim that they 'didn't like beer' because our choices were so limited. But with craft beers, and beers coming in all kinds of flavors such as coffee stouts, grapefruit IPAs, berry flavored beers, and citrus, that opened the market up for a new audience."
Dec,Wall Street Journal,"I plan to retire at 62 in another country outside the US that is free, safe and very cheap with a high quality of life. I could fully just rely on only my SS if I wanted to when that times arrives but l'll also have at least one pension, a 403 (b) and a very prolific Investment account with my Stephanie Janis Stiefel my FA. Retiring comfortably in the US these days is almost impossible."
Dec,Wall Street Journal,Why does Trump need any funding at all??? Let those employers who break the Federal law pay for all deportation-related expenses.
Dec,Wall Street Journal,"What's completely missing here is the actual ""cost"" of this ""problem"" right now. There is probably a net benefit for the U.S. economy at this time, but Republicans needed this boogeyman just to distract from the real problems, e.g., wealth inequality, and 31% of the voting populace fell for it. That those tricky problems don't have easy solutions that won't create their own issues is, of course, already too complex for a dumbed-down populace to grasp, not to mention the difficulty in recognizing the real problems in the first place. Simply put, we have enough calories to feed everyone on Earth many times over, and people are still starving right this second. Moving people from place A to B and building a wall to keep them there will fix nothing except the account balances of a few already wealthy people."
Dec,Wall Street Journal,"Crazy to think in a matter of a month, the cries for freedom and market based economics are loud. We must do everything we can to help stabilize the Syrian people toward the global order."
